// Generated by tools/gen-oui.py - DO NOT EDIT BY HAND.
// Curated subset of the IEEE MA-L (OUI) registry: weather-station makers,
// embedded WiFi modules, and common phone/laptop vendors. Regenerate with
// tools/gen-oui.py (downloads the registry) and commit the result.
// 5676 entries from 39513 registry rows.
#pragma once

#include <stdint.h>

typedef struct {
  uint8_t prefix[3];  // first three MAC octets (the OUI)
  const char *name;   // short display label
} oui_entry_t;

// Sorted ascending by prefix for binary search (ap_clients_vendor).
static const oui_entry_t OUI_TABLE[] = {
    {{0x00, 0x00, 0x95}, "Sony"},
    {{0x00, 0x00, 0xF0}, "Samsung"},
    {{0x00, 0x01, 0x4A}, "Sony"},
    {{0x00, 0x02, 0x78}, "Samsung"},
    {{0x00, 0x02, 0xE3}, "Liteon"},
    {{0x00, 0x03, 0x93}, "Apple"},
    {{0x00, 0x03, 0xFF}, "Microsoft"},
    {{0x00, 0x04, 0x1F}, "Sony"},
    {{0x00, 0x05, 0x02}, "Apple"},
    {{0x00, 0x07, 0xAB}, "Samsung"},
    {{0x00, 0x09, 0x18}, "Samsung"},
    {{0x00, 0x0A, 0x27}, "Apple"},
    {{0x00, 0x0A, 0x95}, "Apple"},
    {{0x00, 0x0A, 0xD9}, "Sony"},
    {{0x00, 0x0A, 0xEB}, "TP-Link"},
    {{0x00, 0x0C, 0x6E}, "ASUS"},
    {{0x00, 0x0D, 0x3A}, "Microsoft"},
    {{0x00, 0x0D, 0x93}, "Apple"},
    {{0x00, 0x0D, 0xAE}, "Samsung"},
    {{0x00, 0x0D, 0xE5}, "Samsung"},
    {{0x00, 0x0E, 0x07}, "Sony"},
    {{0x00, 0x0E, 0x6D}, "Murata"},
    {{0x00, 0x0E, 0xA6}, "ASUS"},
    {{0x00, 0x0F, 0xDE}, "Sony"},
    {{0x00, 0x10, 0xFA}, "Apple"},
    {{0x00, 0x11, 0x24}, "Apple"},
    {{0x00, 0x11, 0x2F}, "ASUS"},
    {{0x00, 0x11, 0xD8}, "ASUS"},
    {{0x00, 0x12, 0x37}, "Texas Instruments"},
    {{0x00, 0x12, 0x47}, "Samsung"},
    {{0x00, 0x12, 0x4B}, "Texas Instruments"},
    {{0x00, 0x12, 0x5A}, "Microsoft"},
    {{0x00, 0x12, 0xD1}, "Texas Instruments"},
    {{0x00, 0x12, 0xD2}, "Texas Instruments"},
    {{0x00, 0x12, 0xEE}, "Sony"},
    {{0x00, 0x12, 0xF0}, "Intel"},
    {{0x00, 0x12, 0xFB}, "Samsung"},
    {{0x00, 0x13, 0x02}, "Intel"},
    {{0x00, 0x13, 0x15}, "Sony"},
    {{0x00, 0x13, 0x20}, "Intel"},
    {{0x00, 0x13, 0x77}, "Samsung"},
    {{0x00, 0x13, 0xA9}, "Sony"},
    {{0x00, 0x13, 0xCE}, "Intel"},
    {{0x00, 0x13, 0xD4}, "ASUS"},
    {{0x00, 0x13, 0xE0}, "Murata"},
    {{0x00, 0x13, 0xE8}, "Intel"},
    {{0x00, 0x14, 0x51}, "Apple"},
    {{0x00, 0x14, 0x78}, "TP-Link"},
    {{0x00, 0x14, 0x92}, "Liteon"},
    {{0x00, 0x14, 0xA4}, "Foxconn"},
    {{0x00, 0x15, 0x00}, "Intel"},
    {{0x00, 0x15, 0x17}, "Intel"},
    {{0x00, 0x15, 0x5D}, "Microsoft"},
    {{0x00, 0x15, 0x99}, "Samsung"},
    {{0x00, 0x15, 0xAF}, "AzureWave"},
    {{0x00, 0x15, 0xB9}, "Samsung"},
    {{0x00, 0x15, 0xC1}, "Sony"},
    {{0x00, 0x15, 0xF2}, "ASUS"},
    {{0x00, 0x16, 0x20}, "Sony"},
    {{0x00, 0x16, 0x32}, "Samsung"},
    {{0x00, 0x16, 0x44}, "Liteon"},
    {{0x00, 0x16, 0x6B}, "Samsung"},
    {{0x00, 0x16, 0x6C}, "Samsung"},
    {{0x00, 0x16, 0x6F}, "Intel"},
    {{0x00, 0x16, 0x76}, "Intel"},
    {{0x00, 0x16, 0xB8}, "Sony"},
    {{0x00, 0x16, 0xCB}, "Apple"},
    {{0x00, 0x16, 0xCE}, "Foxconn"},
    {{0x00, 0x16, 0xCF}, "Foxconn"},
    {{0x00, 0x16, 0xDB}, "Samsung"},
    {{0x00, 0x16, 0xEA}, "Intel"},
    {{0x00, 0x16, 0xEB}, "Intel"},
    {{0x00, 0x17, 0x31}, "ASUS"},
    {{0x00, 0x17, 0x83}, "Texas Instruments"},
    {{0x00, 0x17, 0xC9}, "Samsung"},
    {{0x00, 0x17, 0xD5}, "Samsung"},
    {{0x00, 0x17, 0xE3}, "Texas Instruments"},
    {{0x00, 0x17, 0xE4}, "Texas Instruments"},
    {{0x00, 0x17, 0xE5}, "Texas Instruments"},
    {{0x00, 0x17, 0xE6}, "Texas Instruments"},
    {{0x00, 0x17, 0xE7}, "Texas Instruments"},
    {{0x00, 0x17, 0xE8}, "Texas Instruments"},
    {{0x00, 0x17, 0xE9}, "Texas Instruments"},
    {{0x00, 0x17, 0xEA}, "Texas Instruments"},
    {{0x00, 0x17, 0xEB}, "Texas Instruments"},
    {{0x00, 0x17, 0xEC}, "Texas Instruments"},
    {{0x00, 0x17, 0xF2}, "Apple"},
    {{0x00, 0x17, 0xFA}, "Microsoft"},
    {{0x00, 0x18, 0x13}, "Sony"},
    {{0x00, 0x18, 0x2F}, "Texas Instruments"},
    {{0x00, 0x18, 0x30}, "Texas Instruments"},
    {{0x00, 0x18, 0x31}, "Texas Instruments"},
    {{0x00, 0x18, 0x32}, "Texas Instruments"},
    {{0x00, 0x18, 0x33}, "Texas Instruments"},
    {{0x00, 0x18, 0x34}, "Texas Instruments"},
    {{0x00, 0x18, 0xAF}, "Samsung"},
    {{0x00, 0x18, 0xDE}, "Intel"},
    {{0x00, 0x18, 0xF3}, "ASUS"},
    {{0x00, 0x19, 0x63}, "Sony"},
    {{0x00, 0x19, 0x7D}, "Foxconn"},
    {{0x00, 0x19, 0x7E}, "Foxconn"},
    {{0x00, 0x19, 0xC5}, "Sony"},
    {{0x00, 0x19, 0xD1}, "Intel"},
    {{0x00, 0x19, 0xD2}, "Intel"},
    {{0x00, 0x19, 0xE0}, "TP-Link"},
    {{0x00, 0x19, 0xE3}, "Apple"},
    {{0x00, 0x1A, 0x11}, "Google"},
    {{0x00, 0x1A, 0x75}, "Sony"},
    {{0x00, 0x1A, 0x80}, "Sony"},
    {{0x00, 0x1A, 0x8A}, "Samsung"},
    {{0x00, 0x1A, 0x92}, "ASUS"},
    {{0x00, 0x1A, 0xB6}, "Texas Instruments"},
    {{0x00, 0x1B, 0x21}, "Intel"},
    {{0x00, 0x1B, 0x59}, "Sony"},
    {{0x00, 0x1B, 0x63}, "Apple"},
    {{0x00, 0x1B, 0x77}, "Intel"},
    {{0x00, 0x1B, 0x98}, "Samsung"},
    {{0x00, 0x1B, 0xFC}, "ASUS"},
    {{0x00, 0x1C, 0x25}, "Foxconn"},
    {{0x00, 0x1C, 0x26}, "Foxconn"},
    {{0x00, 0x1C, 0x43}, "Samsung"},
    {{0x00, 0x1C, 0x62}, "LG"},
    {{0x00, 0x1C, 0xA4}, "Sony"},
    {{0x00, 0x1C, 0xB3}, "Apple"},
    {{0x00, 0x1C, 0xBF}, "Intel"},
    {{0x00, 0x1C, 0xC0}, "Intel"},
    {{0x00, 0x1D, 0x0A}, "Davis Instruments"},
    {{0x00, 0x1D, 0x0D}, "Sony"},
    {{0x00, 0x1D, 0x0F}, "TP-Link"},
    {{0x00, 0x1D, 0x25}, "Samsung"},
    {{0x00, 0x1D, 0x28}, "Sony"},
    {{0x00, 0x1D, 0x4F}, "Apple"},
    {{0x00, 0x1D, 0x60}, "ASUS"},
    {{0x00, 0x1D, 0x8C}, "La Crosse"},
    {{0x00, 0x1D, 0xBA}, "Sony"},
    {{0x00, 0x1D, 0xD8}, "Microsoft"},
    {{0x00, 0x1D, 0xD9}, "Foxconn"},
    {{0x00, 0x1D, 0xE0}, "Intel"},
    {{0x00, 0x1D, 0xE1}, "Intel"},
    {{0x00, 0x1D, 0xF6}, "Samsung"},
    {{0x00, 0x1E, 0x45}, "Sony"},
    {{0x00, 0x1E, 0x4C}, "Foxconn"},
    {{0x00, 0x1E, 0x52}, "Apple"},
    {{0x00, 0x1E, 0x64}, "Intel"},
    {{0x00, 0x1E, 0x65}, "Intel"},
    {{0x00, 0x1E, 0x67}, "Intel"},
    {{0x00, 0x1E, 0x75}, "LG"},
    {{0x00, 0x1E, 0x7D}, "Samsung"},
    {{0x00, 0x1E, 0x8C}, "ASUS"},
    {{0x00, 0x1E, 0xC2}, "Apple"},
    {{0x00, 0x1E, 0xDC}, "Sony"},
    {{0x00, 0x1E, 0xE1}, "Samsung"},
    {{0x00, 0x1E, 0xE2}, "Samsung"},
    {{0x00, 0x1F, 0x3A}, "Foxconn"},
    {{0x00, 0x1F, 0x3B}, "Intel"},
    {{0x00, 0x1F, 0x3C}, "Intel"},
    {{0x00, 0x1F, 0x5B}, "Apple"},
    {{0x00, 0x1F, 0x6B}, "LG"},
    {{0x00, 0x1F, 0xA7}, "Sony"},
    {{0x00, 0x1F, 0xC6}, "ASUS"},
    {{0x00, 0x1F, 0xCC}, "Samsung"},
    {{0x00, 0x1F, 0xCD}, "Samsung"},
    {{0x00, 0x1F, 0xE1}, "Foxconn"},
    {{0x00, 0x1F, 0xE2}, "Foxconn"},
    {{0x00, 0x1F, 0xE3}, "LG"},
    {{0x00, 0x1F, 0xE4}, "Sony"},
    {{0x00, 0x1F, 0xF3}, "Apple"},
    {{0x00, 0x21, 0x19}, "Samsung"},
    {{0x00, 0x21, 0x27}, "TP-Link"},
    {{0x00, 0x21, 0x4C}, "Samsung"},
    {{0x00, 0x21, 0x5C}, "Intel"},
    {{0x00, 0x21, 0x5D}, "Intel"},
    {{0x00, 0x21, 0x6A}, "Intel"},
    {{0x00, 0x21, 0x6B}, "Intel"},
    {{0x00, 0x21, 0x9E}, "Sony"},
    {{0x00, 0x21, 0xBA}, "Texas Instruments"},
    {{0x00, 0x21, 0xD1}, "Samsung"},
    {{0x00, 0x21, 0xD2}, "Samsung"},
    {{0x00, 0x21, 0xE8}, "Murata"},
    {{0x00, 0x21, 0xE9}, "Apple"},
    {{0x00, 0x21, 0xFB}, "LG"},
    {{0x00, 0x22, 0x15}, "ASUS"},
    {{0x00, 0x22, 0x41}, "Apple"},
    {{0x00, 0x22, 0x43}, "AzureWave"},
    {{0x00, 0x22, 0x48}, "Microsoft"},
    {{0x00, 0x22, 0x5F}, "Liteon"},
    {{0x00, 0x22, 0x68}, "Foxconn"},
    {{0x00, 0x22, 0x69}, "Foxconn"},
    {{0x00, 0x22, 0x98}, "Sony"},
    {{0x00, 0x22, 0xA5}, "Texas Instruments"},
    {{0x00, 0x22, 0xA6}, "Sony"},
    {{0x00, 0x22, 0xA9}, "LG"},
    {{0x00, 0x22, 0xF4}, "AmpAK"},
    {{0x00, 0x22, 0xFA}, "Intel"},
    {{0x00, 0x22, 0xFB}, "Intel"},
    {{0x00, 0x23, 0x03}, "Liteon"},
    {{0x00, 0x23, 0x12}, "Apple"},
    {{0x00, 0x23, 0x14}, "Intel"},
    {{0x00, 0x23, 0x15}, "Intel"},
    {{0x00, 0x23, 0x32}, "Apple"},
    {{0x00, 0x23, 0x39}, "Samsung"},
    {{0x00, 0x23, 0x3A}, "Samsung"},
    {{0x00, 0x23, 0x45}, "Sony"},
    {{0x00, 0x23, 0x4D}, "Foxconn"},
    {{0x00, 0x23, 0x4E}, "Foxconn"},
    {{0x00, 0x23, 0x54}, "ASUS"},
    {{0x00, 0x23, 0x6C}, "Apple"},
    {{0x00, 0x23, 0x99}, "Samsung"},
    {{0x00, 0x23, 0xC2}, "Samsung"},
    {{0x00, 0x23, 0xCD}, "TP-Link"},
    {{0x00, 0x23, 0xD4}, "Texas Instruments"},
    {{0x00, 0x23, 0xD6}, "Samsung"},
    {{0x00, 0x23, 0xD7}, "Samsung"},
    {{0x00, 0x23, 0xDF}, "Apple"},
    {{0x00, 0x23, 0xF1}, "Sony"},
    {{0x00, 0x24, 0x23}, "AzureWave"},
    {{0x00, 0x24, 0x2B}, "Foxconn"},
    {{0x00, 0x24, 0x2C}, "Foxconn"},
    {{0x00, 0x24, 0x36}, "Apple"},
    {{0x00, 0x24, 0x54}, "Samsung"},
    {{0x00, 0x24, 0x83}, "LG"},
    {{0x00, 0x24, 0x8C}, "ASUS"},
    {{0x00, 0x24, 0x8D}, "Sony"},
    {{0x00, 0x24, 0x90}, "Samsung"},
    {{0x00, 0x24, 0x91}, "Samsung"},
    {{0x00, 0x24, 0xBA}, "Texas Instruments"},
    {{0x00, 0x24, 0xBE}, "Sony"},
    {{0x00, 0x24, 0xD6}, "Intel"},
    {{0x00, 0x24, 0xD7}, "Intel"},
    {{0x00, 0x24, 0xE9}, "Samsung"},
    {{0x00, 0x24, 0xEF}, "Sony"},
    {{0x00, 0x25, 0x00}, "Apple"},
    {{0x00, 0x25, 0x38}, "Samsung"},
    {{0x00, 0x25, 0x4B}, "Apple"},
    {{0x00, 0x25, 0x56}, "Foxconn"},
    {{0x00, 0x25, 0x66}, "Samsung"},
    {{0x00, 0x25, 0x67}, "Samsung"},
    {{0x00, 0x25, 0x86}, "TP-Link"},
    {{0x00, 0x25, 0xAE}, "Microsoft"},
    {{0x00, 0x25, 0xBC}, "Apple"},
    {{0x00, 0x25, 0xD3}, "AzureWave"},
    {{0x00, 0x25, 0xE5}, "LG"},
    {{0x00, 0x25, 0xE7}, "Sony"},
    {{0x00, 0x26, 0x08}, "Apple"},
    {{0x00, 0x26, 0x18}, "ASUS"},
    {{0x00, 0x26, 0x37}, "Samsung"},
    {{0x00, 0x26, 0x4A}, "Apple"},
    {{0x00, 0x26, 0x5C}, "Foxconn"},
    {{0x00, 0x26, 0x5D}, "Samsung"},
    {{0x00, 0x26, 0x5E}, "Foxconn"},
    {{0x00, 0x26, 0x5F}, "Samsung"},
    {{0x00, 0x26, 0xB0}, "Apple"},
    {{0x00, 0x26, 0xBB}, "Apple"},
    {{0x00, 0x26, 0xC6}, "Intel"},
    {{0x00, 0x26, 0xC7}, "Intel"},
    {{0x00, 0x26, 0xE2}, "LG"},
    {{0x00, 0x26, 0xE8}, "Murata"},
    {{0x00, 0x27, 0x0E}, "Intel"},
    {{0x00, 0x27, 0x10}, "Intel"},
    {{0x00, 0x27, 0x19}, "TP-Link"},
    {{0x00, 0x28, 0xF8}, "Intel"},
    {{0x00, 0x2B, 0x70}, "Samsung"},
    {{0x00, 0x2D, 0xB3}, "AmpAK"},
    {{0x00, 0x30, 0x65}, "Apple"},
    {{0x00, 0x31, 0x92}, "TP-Link"},
    {{0x00, 0x34, 0xDA}, "LG"},
    {{0x00, 0x35, 0xFF}, "Texas Instruments"},
    {{0x00, 0x37, 0x6D}, "Murata"},
    {{0x00, 0x3C, 0xB7}, "AzureWave"},
    {{0x00, 0x3D, 0xE8}, "LG"},
    {{0x00, 0x3E, 0xE1}, "Apple"},
    {{0x00, 0x42, 0x38}, "Intel"},
    {{0x00, 0x4B, 0x12}, "Espressif"},
    {{0x00, 0x50, 0x81}, "Murata"},
    {{0x00, 0x50, 0xE4}, "Apple"},
    {{0x00, 0x50, 0xF2}, "Microsoft"},
    {{0x00, 0x56, 0xCD}, "Apple"},
    {{0x00, 0x57, 0xC1}, "LG"},
    {{0x00, 0x5B, 0x94}, "Apple"},
    {{0x00, 0x5F, 0x67}, "TP-Link"},
    {{0x00, 0x60, 0x57}, "Murata"},
    {{0x00, 0x61, 0x71}, "Apple"},
    {{0x00, 0x62, 0x01}, "Motorola"},
    {{0x00, 0x6D, 0x52}, "Apple"},
    {{0x00, 0x6F, 0x64}, "Samsung"},
    {{0x00, 0x70, 0x07}, "Espressif"},
    {{0x00, 0x71, 0x47}, "Amazon"},
    {{0x00, 0x71, 0xCC}, "Foxconn"},
    {{0x00, 0x72, 0x04}, "Samsung"},
    {{0x00, 0x72, 0xEE}, "Intel"},
    {{0x00, 0x73, 0xE0}, "Samsung"},
    {{0x00, 0x7C, 0x2D}, "Samsung"},
    {{0x00, 0x7D, 0x3B}, "Samsung"},
    {{0x00, 0x7D, 0x60}, "Apple"},
    {{0x00, 0x81, 0x2A}, "Apple"},
    {{0x00, 0x81, 0xF9}, "Texas Instruments"},
    {{0x00, 0x86, 0x21}, "Amazon"},
    {{0x00, 0x87, 0x01}, "Samsung"},
    {{0x00, 0x88, 0x65}, "Apple"},
    {{0x00, 0x8A, 0x76}, "Apple"},
    {{0x00, 0x91, 0x9E}, "Intel"},
    {{0x00, 0x92, 0x35}, "Apple"},
    {{0x00, 0x93, 0x37}, "Intel"},
    {{0x00, 0x97, 0xF1}, "Apple"},
    {{0x00, 0x9D, 0x6B}, "Murata"},
    {{0x00, 0x9E, 0xC8}, "Xiaomi"},
    {{0x00, 0xA0, 0x40}, "Apple"},
    {{0x00, 0xA0, 0xCC}, "Liteon"},
    {{0x00, 0xA1, 0x59}, "LG"},
    {{0x00, 0xA5, 0x54}, "Intel"},
    {{0x00, 0xAA, 0x70}, "LG"},
    {{0x00, 0xAA, 0xFD}, "Texas Instruments"},
    {{0x00, 0xAE, 0xFA}, "Murata"},
    {{0x00, 0xB3, 0x62}, "Apple"},
    {{0x00, 0xB5, 0xD0}, "Samsung"},
    {{0x00, 0xB8, 0xB6}, "Motorola"},
    {{0x00, 0xBB, 0x3A}, "Amazon"},
    {{0x00, 0xBB, 0x60}, "Intel"},
    {{0x00, 0xBF, 0x61}, "Samsung"},
    {{0x00, 0xC2, 0xC6}, "Intel"},
    {{0x00, 0xC3, 0x0A}, "Xiaomi"},
    {{0x00, 0xC3, 0xF4}, "Samsung"},
    {{0x00, 0xC5, 0x85}, "Apple"},
    {{0x00, 0xC6, 0x10}, "Apple"},
    {{0x00, 0xCD, 0xFE}, "Apple"},
    {{0x00, 0xD4, 0x9E}, "Intel"},
    {{0x00, 0xD7, 0x6D}, "Intel"},
    {{0x00, 0xD9, 0xD1}, "Sony"},
    {{0x00, 0xDB, 0x70}, "Apple"},
    {{0x00, 0xDB, 0xDF}, "Intel"},
    {{0x00, 0xE0, 0x18}, "ASUS"},
    {{0x00, 0xE0, 0x4C}, "Realtek"},
    {{0x00, 0xE0, 0x64}, "Samsung"},
    {{0x00, 0xE0, 0x91}, "LG"},
    {{0x00, 0xE1, 0x8C}, "Intel"},
    {{0x00, 0xE3, 0xB2}, "Samsung"},
    {{0x00, 0xE4, 0x21}, "Sony"},
    {{0x00, 0xE9, 0x3A}, "AzureWave"},
    {{0x00, 0xEB, 0x2D}, "Sony"},
    {{0x00, 0xEC, 0x0A}, "Xiaomi"},
    {{0x00, 0xF3, 0x61}, "Amazon"},
    {{0x00, 0xF3, 0x9F}, "Apple"},
    {{0x00, 0xF4, 0x6F}, "Samsung"},
    {{0x00, 0xF4, 0x8D}, "Liteon"},
    {{0x00, 0xF4, 0xB9}, "Apple"},
    {{0x00, 0xF6, 0x20}, "Google"},
    {{0x00, 0xF7, 0x6F}, "Apple"},
    {{0x00, 0xFA, 0x21}, "Samsung"},
    {{0x00, 0xFA, 0xDE}, "Motorola"},
    {{0x00, 0xFC, 0x8B}, "Amazon"},
    {{0x04, 0x00, 0x6E}, "Google"},
    {{0x04, 0x0C, 0xCE}, "Apple"},
    {{0x04, 0x0F, 0x66}, "TP-Link"},
    {{0x04, 0x10, 0x6B}, "Xiaomi"},
    {{0x04, 0x13, 0x7A}, "Apple"},
    {{0x04, 0x15, 0x52}, "Apple"},
    {{0x04, 0x18, 0x0F}, "Samsung"},
    {{0x04, 0x1B, 0x6D}, "LG"},
    {{0x04, 0x1B, 0xBA}, "Samsung"},
    {{0x04, 0x1C, 0x6C}, "Intel"},
    {{0x04, 0x1E, 0x64}, "Apple"},
    {{0x04, 0x23, 0x22}, "Texas Instruments"},
    {{0x04, 0x25, 0xE8}, "Texas Instruments"},
    {{0x04, 0x26, 0x65}, "Apple"},
    {{0x04, 0x27, 0x28}, "Microsoft"},
    {{0x04, 0x29, 0x2E}, "Samsung"},
    {{0x04, 0x2E, 0xC1}, "Apple"},
    {{0x04, 0x33, 0xC2}, "Intel"},
    {{0x04, 0x34, 0xCF}, "Apple"},
    {{0x04, 0x41, 0xA5}, "Apple"},
    {{0x04, 0x42, 0x1A}, "ASUS"},
    {{0x04, 0x46, 0x65}, "Murata"},
    {{0x04, 0x47, 0x07}, "Texas Instruments"},
    {{0x04, 0x48, 0x9A}, "Apple"},
    {{0x04, 0x4B, 0xED}, "Apple"},
    {{0x04, 0x52, 0xF3}, "Apple"},
    {{0x04, 0x54, 0x53}, "Apple"},
    {{0x04, 0x56, 0xE5}, "Intel"},
    {{0x04, 0x5D, 0x4B}, "Sony"},
    {{0x04, 0x68, 0x65}, "Apple"},
    {{0x04, 0x69, 0xF8}, "Apple"},
    {{0x04, 0x6C, 0x59}, "Intel"},
    {{0x04, 0x6F, 0x00}, "LG"},
    {{0x04, 0x72, 0x95}, "Apple"},
    {{0x04, 0x72, 0xEF}, "Apple"},
    {{0x04, 0x79, 0xB7}, "Texas Instruments"},
    {{0x04, 0x83, 0x08}, "Espressif"},
    {{0x04, 0x92, 0x26}, "ASUS"},
    {{0x04, 0x99, 0xB9}, "Apple"},
    {{0x04, 0x99, 0xBB}, "Apple"},
    {{0x04, 0x9D, 0x05}, "Apple"},
    {{0x04, 0xA3, 0x16}, "Texas Instruments"},
    {{0x04, 0xA6, 0xC8}, "Intel"},
    {{0x04, 0xB1, 0x67}, "Xiaomi"},
    {{0x04, 0xB1, 0xA1}, "Samsung"},
    {{0x04, 0xB2, 0x47}, "Espressif"},
    {{0x04, 0xB4, 0x29}, "Samsung"},
    {{0x04, 0xB5, 0xB2}, "Apple"},
    {{0x04, 0xB9, 0xE3}, "Samsung"},
    {{0x04, 0xBA, 0x8D}, "Samsung"},
    {{0x04, 0xBC, 0x6D}, "Apple"},
    {{0x04, 0xBD, 0xBF}, "Samsung"},
    {{0x04, 0xBF, 0xD5}, "Apple"},
    {{0x04, 0xC4, 0x61}, "Murata"},
    {{0x04, 0xC8, 0x07}, "Xiaomi"},
    {{0x04, 0xC8, 0x45}, "TP-Link"},
    {{0x04, 0xC8, 0xB0}, "Google"},
    {{0x04, 0xCB, 0x01}, "Samsung"},
    {{0x04, 0xCF, 0x4B}, "Intel"},
    {{0x04, 0xCF, 0x8C}, "Xiaomi"},
    {{0x04, 0xD1, 0x3A}, "Xiaomi"},
    {{0x04, 0xD3, 0x95}, "Motorola"},
    {{0x04, 0xD3, 0xB0}, "Intel"},
    {{0x04, 0xD3, 0xCF}, "Apple"},
    {{0x04, 0xD4, 0xC4}, "ASUS"},
    {{0x04, 0xD6, 0xAA}, "Samsung"},
    {{0x04, 0xD9, 0xC8}, "Foxconn"},
    {{0x04, 0xD9, 0xF5}, "ASUS"},
    {{0x04, 0xDB, 0x56}, "Apple"},
    {{0x04, 0xE4, 0x51}, "Texas Instruments"},
    {{0x04, 0xE4, 0xB6}, "Samsung"},
    {{0x04, 0xE5, 0x36}, "Apple"},
    {{0x04, 0xE5, 0x98}, "Xiaomi"},
    {{0x04, 0xE6, 0x76}, "AmpAK"},
    {{0x04, 0xE8, 0xB9}, "Intel"},
    {{0x04, 0xEA, 0x56}, "Intel"},
    {{0x04, 0xEC, 0xD8}, "Intel"},
    {{0x04, 0xED, 0x33}, "Intel"},
    {{0x04, 0xEE, 0x03}, "Texas Instruments"},
    {{0x04, 0xF0, 0xEE}, "Intel"},
    {{0x04, 0xF1, 0x3E}, "Apple"},
    {{0x04, 0xF7, 0x78}, "Sony"},
    {{0x04, 0xF7, 0xE4}, "Apple"},
    {{0x04, 0xF9, 0xF8}, "TP-Link"},
    {{0x04, 0xFE, 0x31}, "Samsung"},
    {{0x08, 0x00, 0x07}, "Apple"},
    {{0x08, 0x00, 0x28}, "Texas Instruments"},
    {{0x08, 0x00, 0x46}, "Sony"},
    {{0x08, 0x02, 0x3C}, "Samsung"},
    {{0x08, 0x04, 0xB4}, "Texas Instruments"},
    {{0x08, 0x08, 0xC2}, "Samsung"},
    {{0x08, 0x10, 0x93}, "Samsung"},
    {{0x08, 0x11, 0x96}, "Intel"},
    {{0x08, 0x12, 0xA5}, "Amazon"},
    {{0x08, 0x15, 0x2F}, "Samsung"},
    {{0x08, 0x1C, 0x6E}, "Xiaomi"},
    {{0x08, 0x1F, 0x71}, "TP-Link"},
    {{0x08, 0x21, 0xEF}, "Samsung"},
    {{0x08, 0x24, 0x0B}, "Apple"},
    {{0x08, 0x25, 0x25}, "Xiaomi"},
    {{0x08, 0x25, 0x73}, "Apple"},
    {{0x08, 0x2C, 0xB6}, "Apple"},
    {{0x08, 0x35, 0x7D}, "Microsoft"},
    {{0x08, 0x37, 0x3D}, "Samsung"},
    {{0x08, 0x3A, 0x8D}, "Espressif"},
    {{0x08, 0x3A, 0xF2}, "Espressif"},
    {{0x08, 0x3D, 0x88}, "Samsung"},
    {{0x08, 0x3E, 0x8E}, "Foxconn"},
    {{0x08, 0x3F, 0x21}, "Motorola"},
    {{0x08, 0x57, 0x00}, "TP-Link"},
    {{0x08, 0x57, 0xFB}, "Amazon"},
    {{0x08, 0x5B, 0xD6}, "Intel"},
    {{0x08, 0x5D, 0x53}, "Apple"},
    {{0x08, 0x60, 0x6E}, "ASUS"},
    {{0x08, 0x62, 0x02}, "Apple"},
    {{0x08, 0x62, 0x66}, "ASUS"},
    {{0x08, 0x65, 0x18}, "Apple"},
    {{0x08, 0x66, 0x98}, "Apple"},
    {{0x08, 0x6A, 0xC5}, "Intel"},
    {{0x08, 0x6A, 0xE5}, "Amazon"},
    {{0x08, 0x6D, 0x41}, "Apple"},
    {{0x08, 0x70, 0x45}, "Apple"},
    {{0x08, 0x71, 0x90}, "Intel"},
    {{0x08, 0x74, 0x02}, "Apple"},
    {{0x08, 0x78, 0x08}, "Samsung"},
    {{0x08, 0x7B, 0x0F}, "Amazon"},
    {{0x08, 0x7C, 0x39}, "Amazon"},
    {{0x08, 0x84, 0x9D}, "Amazon"},
    {{0x08, 0x87, 0xC7}, "Apple"},
    {{0x08, 0x8B, 0xC8}, "Google"},
    {{0x08, 0x8C, 0x2C}, "Samsung"},
    {{0x08, 0x8E, 0x90}, "Intel"},
    {{0x08, 0x8E, 0xDC}, "Apple"},
    {{0x08, 0x91, 0x15}, "Amazon"},
    {{0x08, 0x91, 0xA3}, "Amazon"},
    {{0x08, 0x92, 0x72}, "Espressif"},
    {{0x08, 0x95, 0x42}, "Apple"},
    {{0x08, 0x9D, 0xF4}, "Intel"},
    {{0x08, 0x9E, 0x08}, "Google"},
    {{0x08, 0xA5, 0xDF}, "Samsung"},
    {{0x08, 0xA6, 0xBC}, "Amazon"},
    {{0x08, 0xA6, 0xF7}, "Espressif"},
    {{0x08, 0xA9, 0x5A}, "AzureWave"},
    {{0x08, 0xAA, 0x55}, "Motorola"},
    {{0x08, 0xAD, 0x0A}, "Espressif"},
    {{0x08, 0xAE, 0xD6}, "Samsung"},
    {{0x08, 0xB3, 0x39}, "Xiaomi"},
    {{0x08, 0xB4, 0xB1}, "Google"},
    {{0x08, 0xB4, 0xD2}, "Intel"},
    {{0x08, 0xB6, 0x1F}, "Espressif"},
    {{0x08, 0xB7, 0x38}, "Liteon"},
    {{0x08, 0xBF, 0xA0}, "Samsung"},
    {{0x08, 0xBF, 0xB8}, "ASUS"},
    {{0x08, 0xC2, 0x24}, "Amazon"},
    {{0x08, 0xC5, 0xE1}, "Samsung"},
    {{0x08, 0xC7, 0x29}, "Apple"},
    {{0x08, 0xC7, 0xB5}, "Apple"},
    {{0x08, 0xCC, 0x27}, "Motorola"},
    {{0x08, 0xD1, 0xF9}, "Espressif"},
    {{0x08, 0xD2, 0x3E}, "Intel"},
    {{0x08, 0xD4, 0x0C}, "Intel"},
    {{0x08, 0xD4, 0x2B}, "Samsung"},
    {{0x08, 0xD4, 0x6A}, "LG"},
    {{0x08, 0xD5, 0x93}, "Texas Instruments"},
    {{0x08, 0xE6, 0x89}, "Apple"},
    {{0x08, 0xE9, 0xF6}, "AmpAK"},
    {{0x08, 0xEB, 0x21}, "Intel"},
    {{0x08, 0xEC, 0xA9}, "Samsung"},
    {{0x08, 0xED, 0xB9}, "Foxconn"},
    {{0x08, 0xEE, 0x8B}, "Samsung"},
    {{0x08, 0xF4, 0xAB}, "Apple"},
    {{0x08, 0xF6, 0x9C}, "Apple"},
    {{0x08, 0xF8, 0xBC}, "Apple"},
    {{0x08, 0xF9, 0xE0}, "Espressif"},
    {{0x08, 0xFB, 0xEA}, "AmpAK"},
    {{0x08, 0xFC, 0x88}, "Samsung"},
    {{0x08, 0xFD, 0x0E}, "Samsung"},
    {{0x08, 0xFF, 0x44}, "Apple"},
    {{0x0C, 0x02, 0xBD}, "Samsung"},
    {{0x0C, 0x07, 0xDF}, "Xiaomi"},
    {{0x0C, 0x0A, 0xDF}, "Texas Instruments"},
    {{0x0C, 0x14, 0x20}, "Samsung"},
    {{0x0C, 0x15, 0x39}, "Apple"},
    {{0x0C, 0x15, 0x63}, "Apple"},
    {{0x0C, 0x19, 0xF8}, "Apple"},
    {{0x0C, 0x1C, 0x57}, "Texas Instruments"},
    {{0x0C, 0x1D, 0xAF}, "Xiaomi"},
    {{0x0C, 0x2F, 0xB0}, "Samsung"},
    {{0x0C, 0x30, 0x21}, "Apple"},
    {{0x0C, 0x32, 0x3A}, "Samsung"},
    {{0x0C, 0x35, 0x26}, "Microsoft"},
    {{0x0C, 0x3B, 0x50}, "Apple"},
    {{0x0C, 0x3E, 0x9F}, "Apple"},
    {{0x0C, 0x41, 0x3E}, "Microsoft"},
    {{0x0C, 0x43, 0xF9}, "Amazon"},
    {{0x0C, 0x47, 0xC9}, "Amazon"},
    {{0x0C, 0x48, 0x85}, "LG"},
    {{0x0C, 0x4B, 0x54}, "TP-Link"},
    {{0x0C, 0x4B, 0xEE}, "Texas Instruments"},
    {{0x0C, 0x4D, 0xE9}, "Apple"},
    {{0x0C, 0x4E, 0xA0}, "Espressif"},
    {{0x0C, 0x51, 0x01}, "Apple"},
    {{0x0C, 0x51, 0x7E}, "Apple"},
    {{0x0C, 0x53, 0xB7}, "Apple"},
    {{0x0C, 0x54, 0x15}, "Intel"},
    {{0x0C, 0x60, 0x76}, "Foxconn"},
    {{0x0C, 0x61, 0xCF}, "Texas Instruments"},
    {{0x0C, 0x6A, 0xC4}, "Apple"},
    {{0x0C, 0x6F, 0x8B}, "Apple"},
    {{0x0C, 0x70, 0x43}, "Sony"},
    {{0x0C, 0x71, 0x5D}, "Samsung"},
    {{0x0C, 0x71, 0x65}, "Motorola"},
    {{0x0C, 0x72, 0x2C}, "TP-Link"},
    {{0x0C, 0x74, 0xC2}, "Apple"},
    {{0x0C, 0x77, 0x1A}, "Apple"},
    {{0x0C, 0x7A, 0x15}, "Intel"},
    {{0x0C, 0x7D, 0xB0}, "Motorola"},
    {{0x0C, 0x80, 0x2F}, "Murata"},
    {{0x0C, 0x80, 0x63}, "TP-Link"},
    {{0x0C, 0x82, 0x68}, "TP-Link"},
    {{0x0C, 0x84, 0xDC}, "Foxconn"},
    {{0x0C, 0x85, 0xE1}, "Apple"},
    {{0x0C, 0x89, 0x10}, "Samsung"},
    {{0x0C, 0x8B, 0x95}, "Espressif"},
    {{0x0C, 0x8B, 0xFD}, "Intel"},
    {{0x0C, 0x8D, 0xCA}, "Samsung"},
    {{0x0C, 0x91, 0x92}, "Intel"},
    {{0x0C, 0x98, 0x38}, "Xiaomi"},
    {{0x0C, 0x9A, 0x3C}, "Intel"},
    {{0x0C, 0x9D, 0x92}, "ASUS"},
    {{0x0C, 0xA3, 0xB2}, "Apple"},
    {{0x0C, 0xA8, 0xA7}, "Samsung"},
    {{0x0C, 0xAE, 0x39}, "Intel"},
    {{0x0C, 0xAE, 0x7D}, "Texas Instruments"},
    {{0x0C, 0xB2, 0xB7}, "Texas Instruments"},
    {{0x0C, 0xB3, 0x19}, "Samsung"},
    {{0x0C, 0xB8, 0x15}, "Espressif"},
    {{0x0C, 0xBC, 0x9F}, "Apple"},
    {{0x0C, 0xC4, 0x13}, "Google"},
    {{0x0C, 0xC5, 0x6C}, "Apple"},
    {{0x0C, 0xC6, 0xFD}, "Xiaomi"},
    {{0x0C, 0xC9, 0x8A}, "Intel"},
    {{0x0C, 0xCB, 0x85}, "Motorola"},
    {{0x0C, 0xCC, 0x5D}, "Apple"},
    {{0x0C, 0xD2, 0x92}, "Intel"},
    {{0x0C, 0xD7, 0x46}, "Apple"},
    {{0x0C, 0xDB, 0xEA}, "Apple"},
    {{0x0C, 0xDC, 0x7E}, "Espressif"},
    {{0x0C, 0xDC, 0x91}, "Amazon"},
    {{0x0C, 0xDD, 0x24}, "Intel"},
    {{0x0C, 0xDF, 0xA4}, "Samsung"},
    {{0x0C, 0xE0, 0xDC}, "Samsung"},
    {{0x0C, 0xE4, 0x41}, "Apple"},
    {{0x0C, 0xE5, 0xA1}, "Apple"},
    {{0x0C, 0xE7, 0x25}, "Microsoft"},
    {{0x0C, 0xEC, 0x80}, "Texas Instruments"},
    {{0x0C, 0xEC, 0x8D}, "Motorola"},
    {{0x0C, 0xED, 0xC8}, "Xiaomi"},
    {{0x0C, 0xEE, 0x99}, "Amazon"},
    {{0x0C, 0xEE, 0xE6}, "Foxconn"},
    {{0x0C, 0xEF, 0x15}, "TP-Link"},
    {{0x0C, 0xF3, 0x46}, "Xiaomi"},
    {{0x0C, 0xFE, 0x45}, "Sony"},
    {{0x0C, 0xFE, 0xE5}, "Texas Instruments"},
    {{0x10, 0x00, 0x20}, "Apple"},
    {{0x10, 0x00, 0x3B}, "Espressif"},
    {{0x10, 0x02, 0xB5}, "Intel"},
    {{0x10, 0x06, 0x1C}, "Espressif"},
    {{0x10, 0x07, 0xB6}, "Samsung"},
    {{0x10, 0x08, 0x2C}, "Texas Instruments"},
    {{0x10, 0x08, 0xB1}, "Foxconn"},
    {{0x10, 0x09, 0xF9}, "Amazon"},
    {{0x10, 0x0B, 0xA9}, "Intel"},
    {{0x10, 0x1C, 0x0C}, "Apple"},
    {{0x10, 0x1D, 0xC0}, "Samsung"},
    {{0x10, 0x20, 0xBA}, "Espressif"},
    {{0x10, 0x27, 0xF5}, "TP-Link"},
    {{0x10, 0x29, 0x59}, "Apple"},
    {{0x10, 0x29, 0xAB}, "Samsung"},
    {{0x10, 0x2A, 0xB3}, "Xiaomi"},
    {{0x10, 0x2B, 0x1C}, "Motorola"},
    {{0x10, 0x2B, 0x41}, "Samsung"},
    {{0x10, 0x2C, 0x6B}, "AmpAK"},
    {{0x10, 0x2E, 0x00}, "Intel"},
    {{0x10, 0x2E, 0xAF}, "Texas Instruments"},
    {{0x10, 0x2F, 0x6B}, "Microsoft"},
    {{0x10, 0x2F, 0xCA}, "Apple"},
    {{0x10, 0x30, 0x25}, "Apple"},
    {{0x10, 0x30, 0x47}, "Samsung"},
    {{0x10, 0x32, 0x2C}, "Murata"},
    {{0x10, 0x39, 0x17}, "Samsung"},
    {{0x10, 0x3B, 0x59}, "Samsung"},
    {{0x10, 0x3D, 0x1C}, "Intel"},
    {{0x10, 0x3F, 0x44}, "Xiaomi"},
    {{0x10, 0x40, 0xF3}, "Apple"},
    {{0x10, 0x41, 0x7F}, "Apple"},
    {{0x10, 0x42, 0x10}, "Apple"},
    {{0x10, 0x4A, 0x7D}, "Intel"},
    {{0x10, 0x4F, 0xA8}, "Sony"},
    {{0x10, 0x51, 0x07}, "Intel"},
    {{0x10, 0x51, 0xDB}, "Espressif"},
    {{0x10, 0x52, 0x1C}, "Espressif"},
    {{0x10, 0x5A, 0x95}, "TP-Link"},
    {{0x10, 0x5F, 0xAD}, "Intel"},
    {{0x10, 0x63, 0xC8}, "Liteon"},
    {{0x10, 0x68, 0x38}, "AzureWave"},
    {{0x10, 0x68, 0x3F}, "LG"},
    {{0x10, 0x77, 0xB1}, "Samsung"},
    {{0x10, 0x7A, 0x2A}, "Microsoft"},
    {{0x10, 0x7B, 0x44}, "ASUS"},
    {{0x10, 0x7C, 0x61}, "ASUS"},
    {{0x10, 0x7D, 0xC8}, "Apple"},
    {{0x10, 0x89, 0xFB}, "Samsung"},
    {{0x10, 0x8E, 0xE0}, "Samsung"},
    {{0x10, 0x91, 0xA8}, "Espressif"},
    {{0x10, 0x91, 0xD1}, "Intel"},
    {{0x10, 0x92, 0x66}, "Samsung"},
    {{0x10, 0x93, 0xE9}, "Apple"},
    {{0x10, 0x94, 0xBB}, "Apple"},
    {{0x10, 0x96, 0x93}, "Amazon"},
    {{0x10, 0x97, 0xBD}, "Espressif"},
    {{0x10, 0x98, 0xC3}, "Murata"},
    {{0x10, 0x9A, 0xBA}, "Intel"},
    {{0x10, 0x9A, 0xDD}, "Apple"},
    {{0x10, 0x9E, 0x6B}, "Apple"},
    {{0x10, 0x9F, 0x41}, "Apple"},
    {{0x10, 0xA1, 0xDA}, "Apple"},
    {{0x10, 0xA2, 0xD3}, "Apple"},
    {{0x10, 0xA5, 0x1D}, "Intel"},
    {{0x10, 0xA5, 0xD0}, "Murata"},
    {{0x10, 0xA8, 0x79}, "Intel"},
    {{0x10, 0xAB, 0xC9}, "Samsung"},
    {{0x10, 0xAE, 0x60}, "Amazon"},
    {{0x10, 0xB4, 0x1D}, "Espressif"},
    {{0x10, 0xB5, 0x88}, "Apple"},
    {{0x10, 0xB9, 0xC4}, "Apple"},
    {{0x10, 0xBD, 0x3A}, "Apple"},
    {{0x10, 0xBD, 0xA3}, "Espressif"},
    {{0x10, 0xBF, 0x48}, "ASUS"},
    {{0x10, 0xBF, 0x67}, "Amazon"},
    {{0x10, 0xC1, 0x97}, "Xiaomi"},
    {{0x10, 0xC3, 0x7B}, "ASUS"},
    {{0x10, 0xC7, 0x35}, "Microsoft"},
    {{0x10, 0xCA, 0xBF}, "Texas Instruments"},
    {{0x10, 0xCE, 0x02}, "Amazon"},
    {{0x10, 0xCE, 0xA9}, "Texas Instruments"},
    {{0x10, 0xCE, 0xE9}, "Apple"},
    {{0x10, 0xCF, 0x0F}, "Apple"},
    {{0x10, 0xD0, 0x7A}, "AmpAK"},
    {{0x10, 0xD3, 0x8A}, "Samsung"},
    {{0x10, 0xD5, 0x42}, "Samsung"},
    {{0x10, 0xD9, 0xA2}, "Google"},
    {{0x10, 0xDA, 0x63}, "Apple"},
    {{0x10, 0xDD, 0xB1}, "Apple"},
    {{0x10, 0xE2, 0xC9}, "Apple"},
    {{0x10, 0xE4, 0xC2}, "Samsung"},
    {{0x10, 0xEC, 0x81}, "Samsung"},
    {{0x10, 0xF0, 0x05}, "Intel"},
    {{0x10, 0xF1, 0xF2}, "LG"},
    {{0x10, 0xF6, 0x0A}, "Intel"},
    {{0x10, 0xF9, 0x6F}, "LG"},
    {{0x10, 0xFE, 0xED}, "TP-Link"},
    {{0x14, 0x01, 0x52}, "Samsung"},
    {{0x14, 0x05, 0x89}, "Motorola"},
    {{0x14, 0x08, 0x08}, "Espressif"},
    {{0x14, 0x0A, 0xC5}, "Amazon"},
    {{0x14, 0x0B, 0x9E}, "Samsung"},
    {{0x14, 0x10, 0x9F}, "Apple"},
    {{0x14, 0x13, 0x33}, "AzureWave"},
    {{0x14, 0x14, 0x7D}, "Apple"},
    {{0x14, 0x18, 0xC3}, "Intel"},
    {{0x14, 0x1A, 0x97}, "Apple"},
    {{0x14, 0x1A, 0xA3}, "Motorola"},
    {{0x14, 0x1B, 0xA0}, "Apple"},
    {{0x14, 0x1F, 0x78}, "Samsung"},
    {{0x14, 0x20, 0x5E}, "Apple"},
    {{0x14, 0x22, 0x3B}, "Google"},
    {{0x14, 0x28, 0x76}, "Apple"},
    {{0x14, 0x2B, 0x2F}, "Espressif"},
    {{0x14, 0x2D, 0x27}, "Foxconn"},
    {{0x14, 0x2D, 0x4D}, "Apple"},
    {{0x14, 0x30, 0xC6}, "Motorola"},
    {{0x14, 0x32, 0xD1}, "Samsung"},
    {{0x14, 0x33, 0x5C}, "Espressif"},
    {{0x14, 0x35, 0xB7}, "Apple"},
    {{0x14, 0x38, 0xFA}, "Motorola"},
    {{0x14, 0x3A, 0x9A}, "Foxconn"},
    {{0x14, 0x3E, 0xC2}, "Intel"},
    {{0x14, 0x3F, 0xA6}, "Sony"},
    {{0x14, 0x42, 0xFC}, "Texas Instruments"},
    {{0x14, 0x49, 0xD4}, "Xiaomi"},
    {{0x14, 0x49, 0xE0}, "Samsung"},
    {{0x14, 0x4F, 0x8A}, "Intel"},
    {{0x14, 0x56, 0x8E}, "Samsung"},
    {{0x14, 0x5A, 0x05}, "Apple"},
    {{0x14, 0x5A, 0xFC}, "Liteon"},
    {{0x14, 0x60, 0xCB}, "Apple"},
    {{0x14, 0x63, 0x93}, "Espressif"},
    {{0x14, 0x75, 0x5B}, "Intel"},
    {{0x14, 0x75, 0x90}, "TP-Link"},
    {{0x14, 0x7A, 0xE4}, "Apple"},
    {{0x14, 0x7D, 0xC5}, "Murata"},
    {{0x14, 0x7D, 0xDA}, "Apple"},
    {{0x14, 0x7F, 0x0F}, "Texas Instruments"},
    {{0x14, 0x7F, 0xCE}, "Apple"},
    {{0x14, 0x85, 0x09}, "Apple"},
    {{0x14, 0x85, 0x7F}, "Intel"},
    {{0x14, 0x86, 0x92}, "TP-Link"},
    {{0x14, 0x87, 0x6A}, "Apple"},
    {{0x14, 0x88, 0xE6}, "Apple"},
    {{0x14, 0x89, 0xFD}, "Samsung"},
    {{0x14, 0x8F, 0x79}, "Apple"},
    {{0x14, 0x8F, 0xC6}, "Apple"},
    {{0x14, 0x91, 0x38}, "Amazon"},
    {{0x14, 0x94, 0x6C}, "Apple"},
    {{0x14, 0x95, 0xCE}, "Apple"},
    {{0x14, 0x96, 0xE5}, "Samsung"},
    {{0x14, 0x98, 0x77}, "Apple"},
    {{0x14, 0x99, 0x3E}, "Xiaomi"},
    {{0x14, 0x99, 0xE2}, "Apple"},
    {{0x14, 0x9A, 0x10}, "Microsoft"},
    {{0x14, 0x9C, 0xEF}, "Texas Instruments"},
    {{0x14, 0x9D, 0x99}, "Apple"},
    {{0x14, 0x9F, 0x3C}, "Samsung"},
    {{0x14, 0xA3, 0x64}, "Samsung"},
    {{0x14, 0xAB, 0xC5}, "Intel"},
    {{0x14, 0xB4, 0x84}, "Samsung"},
    {{0x14, 0xB5, 0xCD}, "Liteon"},
    {{0x14, 0xBB, 0x6E}, "Samsung"},
    {{0x14, 0xBD, 0x61}, "Apple"},
    {{0x14, 0xC1, 0x4E}, "Google"},
    {{0x14, 0xC1, 0x9F}, "Espressif"},
    {{0x14, 0xC2, 0x13}, "Apple"},
    {{0x14, 0xC8, 0x8B}, "Apple"},
    {{0x14, 0xC9, 0x13}, "LG"},
    {{0x14, 0xCB, 0x65}, "Microsoft"},
    {{0x14, 0xCC, 0x20}, "TP-Link"},
    {{0x14, 0xCF, 0x92}, "TP-Link"},
    {{0x14, 0xD0, 0x0D}, "Apple"},
    {{0x14, 0xD1, 0x9E}, "Apple"},
    {{0x14, 0xD4, 0x24}, "AzureWave"},
    {{0x14, 0xD8, 0x64}, "TP-Link"},
    {{0x14, 0xDA, 0xE9}, "ASUS"},
    {{0x14, 0xDD, 0xA9}, "ASUS"},
    {{0x14, 0xE0, 0x1D}, "Samsung"},
    {{0x14, 0xE6, 0xE4}, "TP-Link"},
    {{0x14, 0xEB, 0xB6}, "TP-Link"},
    {{0x14, 0xF2, 0x87}, "Apple"},
    {{0x14, 0xF4, 0x2A}, "Samsung"},
    {{0x14, 0xF6, 0x5A}, "Xiaomi"},
    {{0x14, 0xF6, 0xD8}, "Intel"},
    {{0x18, 0x00, 0x2D}, "Sony"},
    {{0x18, 0x01, 0xF1}, "Xiaomi"},
    {{0x18, 0x04, 0xED}, "Texas Instruments"},
    {{0x18, 0x0B, 0x1B}, "Amazon"},
    {{0x18, 0x16, 0xC9}, "Samsung"},
    {{0x18, 0x19, 0xD6}, "Samsung"},
    {{0x18, 0x1D, 0xEA}, "Intel"},
    {{0x18, 0x1E, 0xB0}, "Samsung"},
    {{0x18, 0x20, 0x32}, "Apple"},
    {{0x18, 0x21, 0x95}, "Samsung"},
    {{0x18, 0x22, 0x7E}, "Samsung"},
    {{0x18, 0x26, 0x49}, "Intel"},
    {{0x18, 0x26, 0x54}, "Samsung"},
    {{0x18, 0x26, 0x66}, "Samsung"},
    {{0x18, 0x2C, 0x65}, "Texas Instruments"},
    {{0x18, 0x31, 0xBF}, "ASUS"},
    {{0x18, 0x34, 0x51}, "Apple"},
    {{0x18, 0x3A, 0x2D}, "Samsung"},
    {{0x18, 0x3D, 0xA2}, "Intel"},
    {{0x18, 0x3E, 0xEF}, "Apple"},
    {{0x18, 0x3F, 0x47}, "Samsung"},
    {{0x18, 0x3F, 0x70}, "Apple"},
    {{0x18, 0x45, 0x16}, "Texas Instruments"},
    {{0x18, 0x46, 0x17}, "Samsung"},
    {{0x18, 0x48, 0xBE}, "Amazon"},
    {{0x18, 0x48, 0xCA}, "Murata"},
    {{0x18, 0x4A, 0x53}, "Apple"},
    {{0x18, 0x4E, 0x16}, "Samsung"},
    {{0x18, 0x4E, 0xCB}, "Samsung"},
    {{0x18, 0x4F, 0x32}, "Foxconn"},
    {{0x18, 0x54, 0xCF}, "Samsung"},
    {{0x18, 0x55, 0xE3}, "Apple"},
    {{0x18, 0x56, 0x80}, "Intel"},
    {{0x18, 0x56, 0xC3}, "Apple"},
    {{0x18, 0x59, 0x36}, "Xiaomi"},
    {{0x18, 0x5B, 0xB3}, "Samsung"},
    {{0x18, 0x5E, 0x0F}, "Intel"},
    {{0x18, 0x5F, 0x27}, "Motorola"},
    {{0x18, 0x62, 0xE4}, "Texas Instruments"},
    {{0x18, 0x65, 0x90}, "Apple"},
    {{0x18, 0x67, 0xB0}, "Samsung"},
    {{0x18, 0x69, 0x45}, "TP-Link"},
    {{0x18, 0x69, 0xD4}, "Samsung"},
    {{0x18, 0x74, 0x2E}, "Amazon"},
    {{0x18, 0x7E, 0xB9}, "Apple"},
    {{0x18, 0x81, 0x0E}, "Apple"},
    {{0x18, 0x83, 0x31}, "Samsung"},
    {{0x18, 0x87, 0x40}, "Xiaomi"},
    {{0x18, 0x89, 0x5B}, "Samsung"},
    {{0x18, 0x8B, 0x0E}, "Espressif"},
    {{0x18, 0x93, 0x41}, "Intel"},
    {{0x18, 0x93, 0x7F}, "AmpAK"},
    {{0x18, 0x93, 0xD7}, "Texas Instruments"},
    {{0x18, 0x9E, 0xFC}, "Apple"},
    {{0x18, 0xA0, 0x84}, "Apple"},
    {{0x18, 0xA6, 0xF7}, "TP-Link"},
    {{0x18, 0xAB, 0x1D}, "Samsung"},
    {{0x18, 0xAF, 0x61}, "Apple"},
    {{0x18, 0xAF, 0x8F}, "Apple"},
    {{0x18, 0xB8, 0x42}, "Apple"},
    {{0x18, 0xBF, 0xB3}, "Samsung"},
    {{0x18, 0xCC, 0x18}, "Intel"},
    {{0x18, 0xCE, 0x94}, "Samsung"},
    {{0x18, 0xCF, 0x5E}, "Liteon"},
    {{0x18, 0xD6, 0xC7}, "TP-Link"},
    {{0x18, 0xE2, 0xC2}, "Samsung"},
    {{0x18, 0xE6, 0x71}, "Apple"},
    {{0x18, 0xE7, 0xB0}, "Apple"},
    {{0x18, 0xE7, 0xF4}, "Apple"},
    {{0x18, 0xEE, 0x69}, "Apple"},
    {{0x18, 0xF0, 0xE4}, "Xiaomi"},
    {{0x18, 0xF1, 0xD8}, "Apple"},
    {{0x18, 0xF2, 0x2C}, "TP-Link"},
    {{0x18, 0xF4, 0x6A}, "Foxconn"},
    {{0x18, 0xF6, 0x43}, "Apple"},
    {{0x18, 0xFA, 0xB7}, "Apple"},
    {{0x18, 0xFE, 0x34}, "Espressif"},
    {{0x18, 0xFF, 0x0F}, "Intel"},
    {{0x1C, 0x0D, 0x7D}, "Apple"},
    {{0x1C, 0x0E, 0xC2}, "Apple"},
    {{0x1C, 0x12, 0xB0}, "Amazon"},
    {{0x1C, 0x1A, 0xC0}, "Apple"},
    {{0x1C, 0x1A, 0xDF}, "Microsoft"},
    {{0x1C, 0x1B, 0xB5}, "Intel"},
    {{0x1C, 0x1D, 0xD3}, "Apple"},
    {{0x1C, 0x23, 0x2C}, "Samsung"},
    {{0x1C, 0x36, 0xBB}, "Apple"},
    {{0x1C, 0x3A, 0xDE}, "Samsung"},
    {{0x1C, 0x3B, 0xF3}, "TP-Link"},
    {{0x1C, 0x3C, 0x78}, "Apple"},
    {{0x1C, 0x3E, 0x84}, "Foxconn"},
    {{0x1C, 0x44, 0x19}, "TP-Link"},
    {{0x1C, 0x45, 0x93}, "Texas Instruments"},
    {{0x1C, 0x4B, 0xD6}, "AzureWave"},
    {{0x1C, 0x4D, 0x66}, "Amazon"},
    {{0x1C, 0x4D, 0x70}, "Intel"},
    {{0x1C, 0x53, 0xF9}, "Google"},
    {{0x1C, 0x56, 0xFE}, "Motorola"},
    {{0x1C, 0x57, 0xDC}, "Apple"},
    {{0x1C, 0x5A, 0x3E}, "Samsung"},
    {{0x1C, 0x5C, 0xF2}, "Apple"},
    {{0x1C, 0x61, 0xB4}, "TP-Link"},
    {{0x1C, 0x61, 0xBF}, "Apple"},
    {{0x1C, 0x62, 0xB8}, "Samsung"},
    {{0x1C, 0x63, 0x49}, "Texas Instruments"},
    {{0x1C, 0x64, 0xF0}, "Motorola"},
    {{0x1C, 0x65, 0x9D}, "Liteon"},
    {{0x1C, 0x66, 0x6D}, "Foxconn"},
    {{0x1C, 0x66, 0xAA}, "Samsung"},
    {{0x1C, 0x69, 0x20}, "Espressif"},
    {{0x1C, 0x6A, 0x76}, "Apple"},
    {{0x1C, 0x70, 0x22}, "Murata"},
    {{0x1C, 0x71, 0x25}, "Apple"},
    {{0x1C, 0x76, 0xF2}, "Samsung"},
    {{0x1C, 0x77, 0x54}, "Apple"},
    {{0x1C, 0x7B, 0x21}, "Sony"},
    {{0x1C, 0x86, 0x82}, "Apple"},
    {{0x1C, 0x86, 0x9A}, "Samsung"},
    {{0x1C, 0x87, 0x2C}, "ASUS"},
    {{0x1C, 0x8E, 0x2A}, "Apple"},
    {{0x1C, 0x8F, 0x57}, "Espressif"},
    {{0x1C, 0x91, 0x48}, "Apple"},
    {{0x1C, 0x91, 0x80}, "Apple"},
    {{0x1C, 0x93, 0xC4}, "Amazon"},
    {{0x1C, 0x99, 0x4C}, "Murata"},
    {{0x1C, 0x99, 0x57}, "Intel"},
    {{0x1C, 0x9D, 0xC2}, "Espressif"},
    {{0x1C, 0x9E, 0x46}, "Apple"},
    {{0x1C, 0xA0, 0xB8}, "Foxconn"},
    {{0x1C, 0xAB, 0xA7}, "Apple"},
    {{0x1C, 0xAF, 0x05}, "Samsung"},
    {{0x1C, 0xAF, 0x4A}, "Samsung"},
    {{0x1C, 0xB3, 0xC9}, "Apple"},
    {{0x1C, 0xB7, 0x2C}, "ASUS"},
    {{0x1C, 0xBA, 0x8C}, "Texas Instruments"},
    {{0x1C, 0xC1, 0x0C}, "Intel"},
    {{0x1C, 0xC3, 0xAB}, "Espressif"},
    {{0x1C, 0xCC, 0xD6}, "Xiaomi"},
    {{0x1C, 0xCE, 0x51}, "AzureWave"},
    {{0x1C, 0xDB, 0xD4}, "Espressif"},
    {{0x1C, 0xDF, 0x52}, "Texas Instruments"},
    {{0x1C, 0xE2, 0x09}, "Apple"},
    {{0x1C, 0xE2, 0xCC}, "Texas Instruments"},
    {{0x1C, 0xE5, 0x7F}, "Samsung"},
    {{0x1C, 0xE6, 0x1D}, "Samsung"},
    {{0x1C, 0xE6, 0x2B}, "Apple"},
    {{0x1C, 0xF2, 0x9A}, "Google"},
    {{0x1C, 0xF6, 0x4C}, "Apple"},
    {{0x1C, 0xF8, 0xD0}, "Samsung"},
    {{0x1C, 0xF9, 0xD5}, "Apple"},
    {{0x1C, 0xFA, 0x68}, "TP-Link"},
    {{0x1C, 0xFE, 0x2B}, "Amazon"},
    {{0x20, 0x02, 0xAF}, "Murata"},
    {{0x20, 0x04, 0x84}, "Apple"},
    {{0x20, 0x0B, 0x16}, "Texas Instruments"},
    {{0x20, 0x0B, 0x74}, "AzureWave"},
    {{0x20, 0x0E, 0x2B}, "Apple"},
    {{0x20, 0x10, 0xB1}, "Amazon"},
    {{0x20, 0x13, 0xE0}, "Samsung"},
    {{0x20, 0x15, 0x82}, "Apple"},
    {{0x20, 0x15, 0xDE}, "Samsung"},
    {{0x20, 0x16, 0x42}, "Microsoft"},
    {{0x20, 0x16, 0xB9}, "Intel"},
    {{0x20, 0x16, 0xD8}, "Liteon"},
    {{0x20, 0x17, 0x42}, "LG"},
    {{0x20, 0x1A, 0x94}, "Apple"},
    {{0x20, 0x1E, 0x88}, "Intel"},
    {{0x20, 0x1F, 0x3B}, "Google"},
    {{0x20, 0x21, 0xA5}, "LG"},
    {{0x20, 0x23, 0x51}, "TP-Link"},
    {{0x20, 0x25, 0xCC}, "Xiaomi"},
    {{0x20, 0x2D, 0x07}, "Samsung"},
    {{0x20, 0x2D, 0xF6}, "Apple"},
    {{0x20, 0x32, 0x6C}, "Samsung"},
    {{0x20, 0x32, 0xC6}, "Apple"},
    {{0x20, 0x33, 0x89}, "Google"},
    {{0x20, 0x34, 0x62}, "Xiaomi"},
    {{0x20, 0x34, 0xFB}, "Xiaomi"},
    {{0x20, 0x36, 0x26}, "TP-Link"},
    {{0x20, 0x36, 0xD0}, "Motorola"},
    {{0x20, 0x37, 0xA5}, "Apple"},
    {{0x20, 0x3A, 0x43}, "Intel"},
    {{0x20, 0x3B, 0x34}, "Xiaomi"},
    {{0x20, 0x3B, 0x67}, "Samsung"},
    {{0x20, 0x3C, 0xAE}, "Apple"},
    {{0x20, 0x40, 0x6A}, "AmpAK"},
    {{0x20, 0x43, 0xA8}, "Espressif"},
    {{0x20, 0x46, 0x3A}, "Apple"},
    {{0x20, 0x47, 0xDA}, "Xiaomi"},
    {{0x20, 0x4E, 0xF6}, "AzureWave"},
    {{0x20, 0x50, 0x0D}, "Espressif"},
    {{0x20, 0x50, 0xE7}, "AmpAK"},
    {{0x20, 0x53, 0x8D}, "Foxconn"},
    {{0x20, 0x54, 0x76}, "Sony"},
    {{0x20, 0x55, 0x31}, "Samsung"},
    {{0x20, 0x5E, 0xF7}, "Samsung"},
    {{0x20, 0x62, 0x74}, "Microsoft"},
    {{0x20, 0x64, 0x32}, "Samsung"},
    {{0x20, 0x68, 0x9D}, "Liteon"},
    {{0x20, 0x69, 0x80}, "Apple"},
    {{0x20, 0x6B, 0xE7}, "TP-Link"},
    {{0x20, 0x6E, 0x9C}, "Samsung"},
    {{0x20, 0x6E, 0xF1}, "Espressif"},
    {{0x20, 0x76, 0x8F}, "Apple"},
    {{0x20, 0x78, 0xCD}, "Apple"},
    {{0x20, 0x78, 0xF0}, "Apple"},
    {{0x20, 0x79, 0x18}, "Intel"},
    {{0x20, 0x7D, 0x74}, "Apple"},
    {{0x20, 0x82, 0xC0}, "Xiaomi"},
    {{0x20, 0x91, 0x48}, "Texas Instruments"},
    {{0x20, 0x91, 0xDF}, "Apple"},
    {{0x20, 0x99, 0x52}, "Xiaomi"},
    {{0x20, 0x9B, 0xA9}, "Espressif"},
    {{0x20, 0x9B, 0xCD}, "Apple"},
    {{0x20, 0xA1, 0x71}, "Amazon"},
    {{0x20, 0xA2, 0xE4}, "Apple"},
    {{0x20, 0xA5, 0xCB}, "Apple"},
    {{0x20, 0xA6, 0x0C}, "Xiaomi"},
    {{0x20, 0xA9, 0x9B}, "Microsoft"},
    {{0x20, 0xAB, 0x37}, "Apple"},
    {{0x20, 0xB8, 0x68}, "Motorola"},
    {{0x20, 0xBD, 0x1D}, "Intel"},
    {{0x20, 0xBE, 0xB8}, "Amazon"},
    {{0x20, 0xC1, 0x9B}, "Intel"},
    {{0x20, 0xC3, 0x8F}, "Texas Instruments"},
    {{0x20, 0xC9, 0xD0}, "Apple"},
    {{0x20, 0xCD, 0x39}, "Texas Instruments"},
    {{0x20, 0xCF, 0x30}, "ASUS"},
    {{0x20, 0xD3, 0x90}, "Samsung"},
    {{0x20, 0xD5, 0xBF}, "Samsung"},
    {{0x20, 0xD7, 0x78}, "Texas Instruments"},
    {{0x20, 0xDB, 0xAB}, "Samsung"},
    {{0x20, 0xDC, 0xE6}, "TP-Link"},
    {{0x20, 0xDF, 0xB9}, "Google"},
    {{0x20, 0xE1, 0x5D}, "TP-Link"},
    {{0x20, 0xE2, 0xA8}, "Apple"},
    {{0x20, 0xE7, 0xC8}, "Espressif"},
    {{0x20, 0xE8, 0x74}, "Apple"},
    {{0x20, 0xEE, 0x28}, "Apple"},
    {{0x20, 0xF0, 0x94}, "Google"},
    {{0x20, 0xF4, 0x78}, "Xiaomi"},
    {{0x20, 0xF4, 0xD4}, "Apple"},
    {{0x20, 0xFA, 0x85}, "Apple"},
    {{0x20, 0xFE, 0x00}, "Amazon"},
    {{0x24, 0x05, 0x88}, "Google"},
    {{0x24, 0x09, 0x35}, "Samsung"},
    {{0x24, 0x0A, 0x3F}, "Samsung"},
    {{0x24, 0x0A, 0x64}, "AzureWave"},
    {{0x24, 0x0A, 0xC4}, "Espressif"},
    {{0x24, 0x11, 0x45}, "Xiaomi"},
    {{0x24, 0x11, 0x53}, "Samsung"},
    {{0x24, 0x18, 0x1D}, "Samsung"},
    {{0x24, 0x1B, 0x7A}, "Apple"},
    {{0x24, 0x1E, 0xEB}, "Apple"},
    {{0x24, 0x21, 0xAB}, "Sony"},
    {{0x24, 0x24, 0x0E}, "Apple"},
    {{0x24, 0x24, 0xB7}, "Samsung"},
    {{0x24, 0x29, 0x34}, "Google"},
    {{0x24, 0x2A, 0xEA}, "Apple"},
    {{0x24, 0x2F, 0xD0}, "TP-Link"},
    {{0x24, 0x36, 0x72}, "AmpAK"},
    {{0x24, 0x41, 0x8C}, "Intel"},
    {{0x24, 0x46, 0xC8}, "Motorola"},
    {{0x24, 0x4B, 0x03}, "Samsung"},
    {{0x24, 0x4B, 0x81}, "Samsung"},
    {{0x24, 0x4B, 0xFE}, "ASUS"},
    {{0x24, 0x4C, 0xAB}, "Espressif"},
    {{0x24, 0x4C, 0xE3}, "Amazon"},
    {{0x24, 0x55, 0x9A}, "Apple"},
    {{0x24, 0x58, 0x7C}, "Espressif"},
    {{0x24, 0x5A, 0x5F}, "TP-Link"},
    {{0x24, 0x5A, 0xB5}, "Samsung"},
    {{0x24, 0x5B, 0xA7}, "Apple"},
    {{0x24, 0x5B, 0xF0}, "Liteon"},
    {{0x24, 0x5E, 0x48}, "Apple"},
    {{0x24, 0x60, 0xB3}, "Samsung"},
    {{0x24, 0x62, 0xAB}, "Espressif"},
    {{0x24, 0x68, 0x00}, "Samsung"},
    {{0x24, 0x68, 0xB0}, "Samsung"},
    {{0x24, 0x69, 0x68}, "TP-Link"},
    {{0x24, 0x6D, 0x10}, "Apple"},
    {{0x24, 0x6F, 0x28}, "Espressif"},
    {{0x24, 0x71, 0x89}, "Texas Instruments"},
    {{0x24, 0x76, 0x25}, "Texas Instruments"},
    {{0x24, 0x77, 0x03}, "Intel"},
    {{0x24, 0x7D, 0x4D}, "Texas Instruments"},
    {{0x24, 0x92, 0x0E}, "Samsung"},
    {{0x24, 0x95, 0x2F}, "Google"},
    {{0x24, 0x9F, 0x89}, "Texas Instruments"},
    {{0x24, 0xA0, 0x74}, "Apple"},
    {{0x24, 0xA1, 0x60}, "Espressif"},
    {{0x24, 0xA2, 0xE1}, "Apple"},
    {{0x24, 0xA4, 0x52}, "Samsung"},
    {{0x24, 0xAB, 0x81}, "Apple"},
    {{0x24, 0xB2, 0xB9}, "Liteon"},
    {{0x24, 0xB2, 0xDE}, "Espressif"},
    {{0x24, 0xB3, 0x39}, "Apple"},
    {{0x24, 0xB5, 0xB9}, "Motorola"},
    {{0x24, 0xC6, 0x13}, "Samsung"},
    {{0x24, 0xC6, 0x96}, "Samsung"},
    {{0x24, 0xC8, 0x6E}, "AcuRite"},
    {{0x24, 0xCD, 0x8D}, "Murata"},
    {{0x24, 0xCE, 0x33}, "Amazon"},
    {{0x24, 0xD0, 0xDF}, "Apple"},
    {{0x24, 0xD3, 0x37}, "Xiaomi"},
    {{0x24, 0xD5, 0x3B}, "Motorola"},
    {{0x24, 0xD7, 0xEB}, "Espressif"},
    {{0x24, 0xDA, 0x9B}, "Motorola"},
    {{0x24, 0xDB, 0xED}, "Samsung"},
    {{0x24, 0xDC, 0xC3}, "Espressif"},
    {{0x24, 0xE3, 0x14}, "Apple"},
    {{0x24, 0xE5, 0x0F}, "Google"},
    {{0x24, 0xEB, 0x16}, "Intel"},
    {{0x24, 0xEC, 0x4A}, "Espressif"},
    {{0x24, 0xEE, 0x9A}, "Intel"},
    {{0x24, 0xF0, 0x94}, "Apple"},
    {{0x24, 0xF0, 0xD3}, "Samsung"},
    {{0x24, 0xF4, 0x0A}, "Samsung"},
    {{0x24, 0xF5, 0xAA}, "Samsung"},
    {{0x24, 0xF6, 0x77}, "Apple"},
    {{0x24, 0xFC, 0xE5}, "Samsung"},
    {{0x24, 0xFD, 0x52}, "Liteon"},
    {{0x28, 0x02, 0x2E}, "Apple"},
    {{0x28, 0x02, 0x44}, "Apple"},
    {{0x28, 0x02, 0xD8}, "Samsung"},
    {{0x28, 0x05, 0xA5}, "Espressif"},
    {{0x28, 0x07, 0x08}, "Samsung"},
    {{0x28, 0x0B, 0x5C}, "Apple"},
    {{0x28, 0x0C, 0x50}, "Intel"},
    {{0x28, 0x0D, 0xFC}, "Sony"},
    {{0x28, 0x11, 0xA8}, "Intel"},
    {{0x28, 0x12, 0xD0}, "Motorola"},
    {{0x28, 0x16, 0x7F}, "Xiaomi"},
    {{0x28, 0x16, 0xA8}, "Microsoft"},
    {{0x28, 0x16, 0xAD}, "Intel"},
    {{0x28, 0x18, 0x78}, "Microsoft"},
    {{0x28, 0x24, 0xC9}, "Amazon"},
    {{0x28, 0x27, 0xBF}, "Samsung"},
    {{0x28, 0x2C, 0xB2}, "TP-Link"},
    {{0x28, 0x2D, 0x06}, "AmpAK"},
    {{0x28, 0x2D, 0x7F}, "Apple"},
    {{0x28, 0x34, 0xFF}, "Apple"},
    {{0x28, 0x37, 0x2F}, "Espressif"},
    {{0x28, 0x37, 0x37}, "Apple"},
    {{0x28, 0x39, 0x5E}, "Samsung"},
    {{0x28, 0x3C, 0x90}, "Texas Instruments"},
    {{0x28, 0x3D, 0xC2}, "Samsung"},
    {{0x28, 0x3F, 0x69}, "Sony"},
    {{0x28, 0x40, 0xDD}, "Sony"},
    {{0x28, 0x49, 0xE9}, "Apple"},
    {{0x28, 0x4B, 0x54}, "Apple"},
    {{0x28, 0x56, 0x2F}, "Espressif"},
    {{0x28, 0x56, 0x5A}, "Foxconn"},
    {{0x28, 0x57, 0x5D}, "Apple"},
    {{0x28, 0x59, 0x23}, "Xiaomi"},
    {{0x28, 0x5A, 0xEB}, "Apple"},
    {{0x28, 0x66, 0xE3}, "AzureWave"},
    {{0x28, 0x6A, 0xB8}, "Apple"},
    {{0x28, 0x6A, 0xBA}, "Apple"},
    {{0x28, 0x6B, 0x35}, "Intel"},
    {{0x28, 0x6C, 0x07}, "Xiaomi"},
    {{0x28, 0x72, 0xC6}, "Samsung"},
    {{0x28, 0x73, 0xF6}, "Amazon"},
    {{0x28, 0x77, 0xF1}, "Apple"},
    {{0x28, 0x7F, 0xCF}, "Intel"},
    {{0x28, 0x83, 0x35}, "Samsung"},
    {{0x28, 0x83, 0xC9}, "Apple"},
    {{0x28, 0x84, 0x85}, "Espressif"},
    {{0x28, 0x87, 0xBA}, "TP-Link"},
    {{0x28, 0x8E, 0xEC}, "Apple"},
    {{0x28, 0x8F, 0xF6}, "Apple"},
    {{0x28, 0x91, 0x04}, "TP-Link"},
    {{0x28, 0x92, 0x00}, "Intel"},
    {{0x28, 0x95, 0x29}, "Intel"},
    {{0x28, 0x98, 0x7B}, "Samsung"},
    {{0x28, 0x9E, 0x1E}, "Texas Instruments"},
    {{0x28, 0x9F, 0x04}, "Samsung"},
    {{0x28, 0xA0, 0x2B}, "Apple"},
    {{0x28, 0xA0, 0x6B}, "Intel"},
    {{0x28, 0xA4, 0x4A}, "Intel"},
    {{0x28, 0xAF, 0x42}, "Samsung"},
    {{0x28, 0xB2, 0xBD}, "Intel"},
    {{0x28, 0xB5, 0xE8}, "Texas Instruments"},
    {{0x28, 0xBA, 0xB5}, "Samsung"},
    {{0x28, 0xBD, 0x89}, "Google"},
    {{0x28, 0xC1, 0x3C}, "Foxconn"},
    {{0x28, 0xC1, 0xA0}, "Apple"},
    {{0x28, 0xC2, 0x1F}, "Samsung"},
    {{0x28, 0xC2, 0xDD}, "AzureWave"},
    {{0x28, 0xC5, 0x38}, "Apple"},
    {{0x28, 0xC5, 0xD2}, "Intel"},
    {{0x28, 0xC6, 0x3F}, "Intel"},
    {{0x28, 0xC7, 0x09}, "Apple"},
    {{0x28, 0xCC, 0x01}, "Samsung"},
    {{0x28, 0xCD, 0xC1}, "Raspberry Pi"},
    {{0x28, 0xCF, 0xDA}, "Apple"},
    {{0x28, 0xCF, 0xE9}, "Apple"},
    {{0x28, 0xD0, 0x43}, "AzureWave"},
    {{0x28, 0xD0, 0xEA}, "Intel"},
    {{0x28, 0xD5, 0xB1}, "Apple"},
    {{0x28, 0xDE, 0x1C}, "Samsung"},
    {{0x28, 0xDF, 0xEB}, "Intel"},
    {{0x28, 0xE0, 0x2C}, "Apple"},
    {{0x28, 0xE1, 0x4C}, "Apple"},
    {{0x28, 0xE3, 0x1F}, "Xiaomi"},
    {{0x28, 0xE3, 0x47}, "Liteon"},
    {{0x28, 0xE6, 0xA9}, "Samsung"},
    {{0x28, 0xE7, 0xCF}, "Apple"},
    {{0x28, 0xEA, 0x0B}, "Microsoft"},
    {{0x28, 0xEA, 0x2D}, "Apple"},
    {{0x28, 0xEC, 0x95}, "Apple"},
    {{0x28, 0xEC, 0x9A}, "Texas Instruments"},
    {{0x28, 0xED, 0x6A}, "Apple"},
    {{0x28, 0xED, 0xE0}, "AmpAK"},
    {{0x28, 0xEE, 0x52}, "TP-Link"},
    {{0x28, 0xEF, 0x01}, "Amazon"},
    {{0x28, 0xF0, 0x33}, "Apple"},
    {{0x28, 0xF0, 0x76}, "Apple"},
    {{0x28, 0xFF, 0x3C}, "Apple"},
    {{0x2C, 0x0B, 0x97}, "Xiaomi"},
    {{0x2C, 0x0D, 0xA7}, "Intel"},
    {{0x2C, 0x0D, 0xCF}, "Xiaomi"},
    {{0x2C, 0x0E, 0x3D}, "Samsung"},
    {{0x2C, 0x15, 0xBF}, "Samsung"},
    {{0x2C, 0x18, 0x09}, "Apple"},
    {{0x2C, 0x1C, 0xF7}, "Apple"},
    {{0x2C, 0x1F, 0x23}, "Apple"},
    {{0x2C, 0x20, 0x0B}, "Apple"},
    {{0x2C, 0x29, 0x97}, "Microsoft"},
    {{0x2C, 0x32, 0x6A}, "Apple"},
    {{0x2C, 0x33, 0x58}, "Intel"},
    {{0x2C, 0x33, 0x61}, "Apple"},
    {{0x2C, 0x33, 0x7A}, "Foxconn"},
    {{0x2C, 0x3A, 0xE8}, "Espressif"},
    {{0x2C, 0x3B, 0x70}, "AzureWave"},
    {{0x2C, 0x40, 0x53}, "Samsung"},
    {{0x2C, 0x44, 0x01}, "Samsung"},
    {{0x2C, 0x4C, 0xC6}, "Murata"},
    {{0x2C, 0x4D, 0x54}, "ASUS"},
    {{0x2C, 0x54, 0x91}, "Microsoft"},
    {{0x2C, 0x54, 0xCF}, "LG"},
    {{0x2C, 0x56, 0xDC}, "ASUS"},
    {{0x2C, 0x57, 0xCE}, "Apple"},
    {{0x2C, 0x59, 0x8A}, "LG"},
    {{0x2C, 0x61, 0xF6}, "Apple"},
    {{0x2C, 0x6B, 0x7D}, "Texas Instruments"},
    {{0x2C, 0x6D, 0xC1}, "Intel"},
    {{0x2C, 0x6E, 0x85}, "Intel"},
    {{0x2C, 0x6F, 0xC9}, "Foxconn"},
    {{0x2C, 0x71, 0xFF}, "Amazon"},
    {{0x2C, 0x76, 0x00}, "Apple"},
    {{0x2C, 0x79, 0xBE}, "TP-Link"},
    {{0x2C, 0x7B, 0xA0}, "Intel"},
    {{0x2C, 0x7C, 0xF2}, "Apple"},
    {{0x2C, 0x81, 0x58}, "Foxconn"},
    {{0x2C, 0x81, 0xBF}, "Apple"},
    {{0x2C, 0x82, 0x17}, "Apple"},
    {{0x2C, 0x8D, 0xB1}, "Intel"},
    {{0x2C, 0x95, 0x20}, "Apple"},
    {{0x2C, 0x97, 0xED}, "Sony"},
    {{0x2C, 0x99, 0x75}, "Samsung"},
    {{0x2C, 0x9E, 0x00}, "Sony"},
    {{0x2C, 0xA7, 0x74}, "Texas Instruments"},
    {{0x2C, 0xA7, 0xEF}, "OnePlus"},
    {{0x2C, 0xAB, 0x33}, "Texas Instruments"},
    {{0x2C, 0xAE, 0x2B}, "Samsung"},
    {{0x2C, 0xB4, 0x3A}, "Apple"},
    {{0x2C, 0xBA, 0xBA}, "Samsung"},
    {{0x2C, 0xBC, 0x87}, "Apple"},
    {{0x2C, 0xBC, 0xBB}, "Espressif"},
    {{0x2C, 0xBE, 0x08}, "Apple"},
    {{0x2C, 0xC2, 0x53}, "Apple"},
    {{0x2C, 0xCA, 0x16}, "Apple"},
    {{0x2C, 0xCC, 0x44}, "Sony"},
    {{0x2C, 0xCF, 0x67}, "Raspberry Pi"},
    {{0x2C, 0xD0, 0x5A}, "Liteon"},
    {{0x2C, 0xD0, 0x66}, "Xiaomi"},
    {{0x2C, 0xD1, 0xC6}, "Murata"},
    {{0x2C, 0xD3, 0xAD}, "Texas Instruments"},
    {{0x2C, 0xDA, 0x46}, "Samsung"},
    {{0x2C, 0xDB, 0x07}, "Intel"},
    {{0x2C, 0xDC, 0xD7}, "AzureWave"},
    {{0x2C, 0xDF, 0x68}, "Apple"},
    {{0x2C, 0xEA, 0xFC}, "Intel"},
    {{0x2C, 0xF0, 0xA2}, "Apple"},
    {{0x2C, 0xF0, 0xEE}, "Apple"},
    {{0x2C, 0xF4, 0x32}, "Espressif"},
    {{0x2C, 0xFD, 0xA1}, "ASUS"},
    {{0x2C, 0xFE, 0x4F}, "Xiaomi"},
    {{0x30, 0x05, 0x05}, "Intel"},
    {{0x30, 0x07, 0x4D}, "Samsung"},
    {{0x30, 0x09, 0x16}, "Apple"},
    {{0x30, 0x09, 0xC0}, "Motorola"},
    {{0x30, 0x0D, 0x43}, "Microsoft"},
    {{0x30, 0x0E, 0x43}, "Apple"},
    {{0x30, 0x0E, 0xB8}, "LG"},
    {{0x30, 0x0E, 0xD5}, "Foxconn"},
    {{0x30, 0x10, 0xB3}, "Liteon"},
    {{0x30, 0x10, 0xE4}, "Apple"},
    {{0x30, 0x17, 0xC8}, "Sony"},
    {{0x30, 0x19, 0x66}, "Samsung"},
    {{0x30, 0x24, 0x32}, "Intel"},
    {{0x30, 0x30, 0xD0}, "Texas Instruments"},
    {{0x30, 0x30, 0xF9}, "Espressif"},
    {{0x30, 0x35, 0xAD}, "Apple"},
    {{0x30, 0x39, 0x26}, "Sony"},
    {{0x30, 0x3A, 0x64}, "Intel"},
    {{0x30, 0x3B, 0x7C}, "Apple"},
    {{0x30, 0x3E, 0xA7}, "Intel"},
    {{0x30, 0x45, 0x11}, "Texas Instruments"},
    {{0x30, 0x4B, 0x07}, "Motorola"},
    {{0x30, 0x4D, 0x1F}, "Amazon"},
    {{0x30, 0x50, 0xCE}, "Xiaomi"},
    {{0x30, 0x52, 0xCB}, "Liteon"},
    {{0x30, 0x57, 0x14}, "Apple"},
    {{0x30, 0x59, 0xB7}, "Microsoft"},
    {{0x30, 0x5A, 0x3A}, "ASUS"},
    {{0x30, 0x62, 0x22}, "Samsung"},
    {{0x30, 0x63, 0x6B}, "Apple"},
    {{0x30, 0x68, 0x93}, "TP-Link"},
    {{0x30, 0x6A, 0x85}, "Samsung"},
    {{0x30, 0x74, 0x67}, "Samsung"},
    {{0x30, 0x75, 0x12}, "Sony"},
    {{0x30, 0x76, 0x6F}, "LG"},
    {{0x30, 0x76, 0xF5}, "Espressif"},
    {{0x30, 0x7A, 0xD2}, "Apple"},
    {{0x30, 0x82, 0x16}, "Apple"},
    {{0x30, 0x83, 0x98}, "Espressif"},
    {{0x30, 0x83, 0xD2}, "Motorola"},
    {{0x30, 0x85, 0xA9}, "ASUS"},
    {{0x30, 0x89, 0x4A}, "Intel"},
    {{0x30, 0x90, 0x48}, "Apple"},
    {{0x30, 0x90, 0xAB}, "Apple"},
    {{0x30, 0x96, 0xFB}, "Samsung"},
    {{0x30, 0xA0, 0x33}, "Apple"},
    {{0x30, 0xA8, 0xDB}, "Sony"},
    {{0x30, 0xAB, 0x6A}, "Samsung"},
    {{0x30, 0xAE, 0xA4}, "Espressif"},
    {{0x30, 0xAF, 0x7E}, "Texas Instruments"},
    {{0x30, 0xB4, 0x9E}, "TP-Link"},
    {{0x30, 0xB4, 0xB8}, "LG"},
    {{0x30, 0xB5, 0xC2}, "TP-Link"},
    {{0x30, 0xBB, 0x7D}, "OnePlus"},
    {{0x30, 0xC0, 0xAE}, "Apple"},
    {{0x30, 0xC5, 0x99}, "ASUS"},
    {{0x30, 0xC6, 0xF7}, "Espressif"},
    {{0x30, 0xC7, 0xAE}, "Samsung"},
    {{0x30, 0xC9, 0x22}, "Espressif"},
    {{0x30, 0xC9, 0xCC}, "Samsung"},
    {{0x30, 0xCB, 0xF8}, "Samsung"},
    {{0x30, 0xCD, 0xA7}, "Samsung"},
    {{0x30, 0xD1, 0x6B}, "Liteon"},
    {{0x30, 0xD5, 0x3E}, "Apple"},
    {{0x30, 0xD5, 0x87}, "Samsung"},
    {{0x30, 0xD6, 0xC9}, "Samsung"},
    {{0x30, 0xD7, 0xA1}, "Apple"},
    {{0x30, 0xD8, 0x75}, "Apple"},
    {{0x30, 0xD9, 0xD9}, "Apple"},
    {{0x30, 0xDE, 0x4B}, "TP-Link"},
    {{0x30, 0xE0, 0x44}, "Google"},
    {{0x30, 0xE0, 0x4F}, "Apple"},
    {{0x30, 0xE2, 0x83}, "Texas Instruments"},
    {{0x30, 0xE3, 0x7A}, "Intel"},
    {{0x30, 0xE3, 0xA4}, "Intel"},
    {{0x30, 0xED, 0xA0}, "Espressif"},
    {{0x30, 0xF6, 0xEF}, "Intel"},
    {{0x30, 0xF7, 0x72}, "Foxconn"},
    {{0x30, 0xF7, 0xC5}, "Apple"},
    {{0x30, 0xF9, 0xED}, "Sony"},
    {{0x30, 0xFC, 0x68}, "TP-Link"},
    {{0x30, 0xFC, 0xEB}, "LG"},
    {{0x30, 0xFD, 0x38}, "Google"},
    {{0x30, 0xFE, 0x6C}, "Apple"},
    {{0x34, 0x02, 0x86}, "Intel"},
    {{0x34, 0x03, 0xDE}, "Texas Instruments"},
    {{0x34, 0x08, 0xBC}, "Apple"},
    {{0x34, 0x08, 0xE1}, "Texas Instruments"},
    {{0x34, 0x0E, 0x22}, "Apple"},
    {{0x34, 0x10, 0x5D}, "Texas Instruments"},
    {{0x34, 0x10, 0xBE}, "Apple"},
    {{0x34, 0x12, 0x98}, "Apple"},
    {{0x34, 0x13, 0xE8}, "Intel"},
    {{0x34, 0x14, 0x5F}, "Samsung"},
    {{0x34, 0x14, 0xB5}, "Texas Instruments"},
    {{0x34, 0x15, 0x13}, "Texas Instruments"},
    {{0x34, 0x15, 0x9E}, "Apple"},
    {{0x34, 0x1C, 0xF0}, "Xiaomi"},
    {{0x34, 0x23, 0x87}, "Foxconn"},
    {{0x34, 0x23, 0xBA}, "Samsung"},
    {{0x34, 0x25, 0xBE}, "Amazon"},
    {{0x34, 0x28, 0x40}, "Apple"},
    {{0x34, 0x2A, 0xF1}, "Texas Instruments"},
    {{0x34, 0x2B, 0x6E}, "Apple"},
    {{0x34, 0x2D, 0x0D}, "Samsung"},
    {{0x34, 0x2E, 0xB7}, "Intel"},
    {{0x34, 0x31, 0x11}, "Samsung"},
    {{0x34, 0x31, 0x8F}, "Apple"},
    {{0x34, 0x36, 0x3B}, "Apple"},
    {{0x34, 0x39, 0x16}, "Google"},
    {{0x34, 0x41, 0x5D}, "Intel"},
    {{0x34, 0x42, 0x62}, "Apple"},
    {{0x34, 0x4D, 0xF7}, "LG"},
    {{0x34, 0x51, 0xC9}, "Apple"},
    {{0x34, 0x5F, 0x45}, "Espressif"},
    {{0x34, 0x60, 0xF9}, "TP-Link"},
    {{0x34, 0x66, 0x91}, "Apple"},
    {{0x34, 0x68, 0x95}, "Foxconn"},
    {{0x34, 0x68, 0xB5}, "Texas Instruments"},
    {{0x34, 0x6F, 0x24}, "AzureWave"},
    {{0x34, 0x6F, 0x3F}, "Foxconn"},
    {{0x34, 0x7C, 0x25}, "Apple"},
    {{0x34, 0x7D, 0xF6}, "Intel"},
    {{0x34, 0x80, 0xB3}, "Xiaomi"},
    {{0x34, 0x82, 0xC5}, "Samsung"},
    {{0x34, 0x84, 0xE4}, "Texas Instruments"},
    {{0x34, 0x85, 0x18}, "Espressif"},
    {{0x34, 0x86, 0x5D}, "Espressif"},
    {{0x34, 0x8A, 0x7B}, "Samsung"},
    {{0x34, 0x8C, 0x5E}, "Apple"},
    {{0x34, 0x90, 0xEA}, "Murata"},
    {{0x34, 0x94, 0x54}, "Espressif"},
    {{0x34, 0x96, 0x72}, "TP-Link"},
    {{0x34, 0x97, 0xF6}, "ASUS"},
    {{0x34, 0x98, 0x7A}, "Espressif"},
    {{0x34, 0xA3, 0x95}, "Apple"},
    {{0x34, 0xA8, 0xEB}, "Apple"},
    {{0x34, 0xAA, 0x8B}, "Samsung"},
    {{0x34, 0xAB, 0x37}, "Apple"},
    {{0x34, 0xAB, 0x95}, "Espressif"},
    {{0x34, 0xAF, 0xB3}, "Amazon"},
    {{0x34, 0xB1, 0xEB}, "Apple"},
    {{0x34, 0xB1, 0xF7}, "Texas Instruments"},
    {{0x34, 0xB4, 0x72}, "Espressif"},
    {{0x34, 0xB7, 0xDA}, "Espressif"},
    {{0x34, 0xB9, 0x8D}, "Xiaomi"},
    {{0x34, 0xBB, 0x26}, "Motorola"},
    {{0x34, 0xBE, 0x00}, "Samsung"},
    {{0x34, 0xC0, 0x59}, "Apple"},
    {{0x34, 0xC2, 0x32}, "Samsung"},
    {{0x34, 0xC3, 0xAC}, "Samsung"},
    {{0x34, 0xC4, 0x59}, "Texas Instruments"},
    {{0x34, 0xC7, 0xE9}, "Google"},
    {{0x34, 0xC9, 0x3D}, "Intel"},
    {{0x34, 0xCD, 0xB0}, "Espressif"},
    {{0x34, 0xCE, 0x00}, "Xiaomi"},
    {{0x34, 0xCF, 0xF6}, "Intel"},
    {{0x34, 0xD2, 0x70}, "Amazon"},
    {{0x34, 0xDA, 0xA1}, "Apple"},
    {{0x34, 0xDD, 0xCC}, "Google"},
    {{0x34, 0xDE, 0x1A}, "Intel"},
    {{0x34, 0xE1, 0x2D}, "Intel"},
    {{0x34, 0xE2, 0xFD}, "Apple"},
    {{0x34, 0xE3, 0xFB}, "Samsung"},
    {{0x34, 0xE6, 0xAD}, "Intel"},
    {{0x34, 0xE8, 0x94}, "TP-Link"},
    {{0x34, 0xEE, 0x16}, "Apple"},
    {{0x34, 0xF0, 0x43}, "Samsung"},
    {{0x34, 0xF0, 0x84}, "Samsung"},
    {{0x34, 0xF3, 0x9A}, "Intel"},
    {{0x34, 0xF6, 0x4B}, "Intel"},
    {{0x34, 0xF6, 0x8D}, "Apple"},
    {{0x34, 0xF7, 0x16}, "TP-Link"},
    {{0x34, 0xF8, 0xDD}, "Apple"},
    {{0x34, 0xFC, 0xEF}, "LG"},
    {{0x34, 0xFD, 0x6A}, "Apple"},
    {{0x34, 0xFD, 0x70}, "Intel"},
    {{0x34, 0xFE, 0x77}, "Apple"},
    {{0x38, 0x00, 0x25}, "Intel"},
    {{0x38, 0x01, 0x95}, "Samsung"},
    {{0x38, 0x09, 0xFB}, "Apple"},
    {{0x38, 0x0A, 0x94}, "Samsung"},
    {{0x38, 0x0B, 0x3C}, "Texas Instruments"},
    {{0x38, 0x0B, 0x40}, "Samsung"},
    {{0x38, 0x0F, 0x4A}, "Apple"},
    {{0x38, 0x16, 0xD1}, "Samsung"},
    {{0x38, 0x18, 0x2B}, "Espressif"},
    {{0x38, 0x18, 0x4C}, "Sony"},
    {{0x38, 0x18, 0x68}, "Intel"},
    {{0x38, 0x25, 0x6B}, "Microsoft"},
    {{0x38, 0x2C, 0x4A}, "ASUS"},
    {{0x38, 0x2D, 0xD1}, "Samsung"},
    {{0x38, 0x2D, 0xE8}, "Samsung"},
    {{0x38, 0x30, 0xF9}, "LG"},
    {{0x38, 0x33, 0xC5}, "Microsoft"},
    {{0x38, 0x44, 0xBE}, "Espressif"},
    {{0x38, 0x48, 0x4C}, "Apple"},
    {{0x38, 0x4A, 0x80}, "Samsung"},
    {{0x38, 0x4E, 0x56}, "Texas Instruments"},
    {{0x38, 0x4F, 0xF0}, "AzureWave"},
    {{0x38, 0x53, 0x9C}, "Apple"},
    {{0x38, 0x56, 0x3D}, "Microsoft"},
    {{0x38, 0x59, 0xF9}, "Foxconn"},
    {{0x38, 0x62, 0x33}, "Apple"},
    {{0x38, 0x65, 0xB2}, "Apple"},
    {{0x38, 0x66, 0xF0}, "Apple"},
    {{0x38, 0x68, 0x93}, "Intel"},
    {{0x38, 0x68, 0xA4}, "Samsung"},
    {{0x38, 0x6A, 0x77}, "Samsung"},
    {{0x38, 0x71, 0xDE}, "Apple"},
    {{0x38, 0x78, 0x62}, "Sony"},
    {{0x38, 0x7A, 0x0E}, "Intel"},
    {{0x38, 0x7F, 0x8B}, "Apple"},
    {{0x38, 0x80, 0xDF}, "Motorola"},
    {{0x38, 0x81, 0xD7}, "Texas Instruments"},
    {{0x38, 0x83, 0x45}, "TP-Link"},
    {{0x38, 0x86, 0xF7}, "Google"},
    {{0x38, 0x87, 0xD5}, "Intel"},
    {{0x38, 0x88, 0xA4}, "Apple"},
    {{0x38, 0x89, 0x2C}, "Apple"},
    {{0x38, 0x8A, 0x06}, "Samsung"},
    {{0x38, 0x8B, 0x59}, "Google"},
    {{0x38, 0x8C, 0x50}, "LG"},
    {{0x38, 0x8C, 0xEF}, "Samsung"},
    {{0x38, 0x8F, 0x30}, "Samsung"},
    {{0x38, 0x94, 0x96}, "Samsung"},
    {{0x38, 0x9A, 0xF6}, "Samsung"},
    {{0x38, 0x9C, 0xB2}, "Apple"},
    {{0x38, 0xA4, 0xED}, "Xiaomi"},
    {{0x38, 0xAA, 0x3C}, "Samsung"},
    {{0x38, 0xAB, 0x41}, "Texas Instruments"},
    {{0x38, 0xB1, 0xDB}, "Foxconn"},
    {{0x38, 0xB5, 0x4D}, "Apple"},
    {{0x38, 0xBA, 0xF8}, "Intel"},
    {{0x38, 0xC4, 0x3A}, "Apple"},
    {{0x38, 0xC6, 0xBD}, "Xiaomi"},
    {{0x38, 0xC9, 0x86}, "Apple"},
    {{0x38, 0xCA, 0xDA}, "Apple"},
    {{0x38, 0xD2, 0x69}, "Texas Instruments"},
    {{0x38, 0xD4, 0x0B}, "Samsung"},
    {{0x38, 0xD5, 0x47}, "ASUS"},
    {{0x38, 0xDE, 0xAD}, "Intel"},
    {{0x38, 0xE1, 0x3D}, "Apple"},
    {{0x38, 0xE2, 0xC4}, "Texas Instruments"},
    {{0x38, 0xE3, 0x9F}, "Motorola"},
    {{0x38, 0xE6, 0x0A}, "Xiaomi"},
    {{0x38, 0xEC, 0x07}, "Motorola"},
    {{0x38, 0xEC, 0x0D}, "Apple"},
    {{0x38, 0xEC, 0xE4}, "Samsung"},
    {{0x38, 0xF2, 0x3E}, "Microsoft"},
    {{0x38, 0xF7, 0x3D}, "Amazon"},
    {{0x38, 0xF9, 0xD3}, "Apple"},
    {{0x38, 0xFC, 0x98}, "Intel"},
    {{0x3C, 0x01, 0xEF}, "Sony"},
    {{0x3C, 0x05, 0x18}, "Samsung"},
    {{0x3C, 0x06, 0x30}, "Apple"},
    {{0x3C, 0x06, 0xA7}, "TP-Link"},
    {{0x3C, 0x07, 0x54}, "Apple"},
    {{0x3C, 0x07, 0x71}, "Sony"},
    {{0x3C, 0x07, 0xD7}, "Apple"},
    {{0x3C, 0x0A, 0x7A}, "Samsung"},
    {{0x3C, 0x0F, 0x02}, "Espressif"},
    {{0x3C, 0x13, 0x5A}, "Xiaomi"},
    {{0x3C, 0x15, 0xC2}, "Apple"},
    {{0x3C, 0x19, 0x5E}, "Samsung"},
    {{0x3C, 0x1E, 0xB5}, "Apple"},
    {{0x3C, 0x20, 0xF6}, "Samsung"},
    {{0x3C, 0x21, 0x9C}, "Intel"},
    {{0x3C, 0x22, 0xFB}, "Apple"},
    {{0x3C, 0x28, 0x6D}, "Google"},
    {{0x3C, 0x29, 0x83}, "Samsung"},
    {{0x3C, 0x2D, 0xB7}, "Texas Instruments"},
    {{0x3C, 0x2E, 0xF9}, "Apple"},
    {{0x3C, 0x2E, 0xFF}, "Apple"},
    {{0x3C, 0x31, 0x74}, "Google"},
    {{0x3C, 0x31, 0x8A}, "Samsung"},
    {{0x3C, 0x34, 0x64}, "Apple"},
    {{0x3C, 0x38, 0x24}, "Xiaomi"},
    {{0x3C, 0x38, 0xF4}, "Sony"},
    {{0x3C, 0x39, 0xC8}, "Apple"},
    {{0x3C, 0x3B, 0x77}, "Apple"},
    {{0x3C, 0x46, 0xD8}, "TP-Link"},
    {{0x3C, 0x4D, 0xBE}, "Apple"},
    {{0x3C, 0x50, 0x02}, "Apple"},
    {{0x3C, 0x52, 0xA1}, "TP-Link"},
    {{0x3C, 0x57, 0x6C}, "Samsung"},
    {{0x3C, 0x58, 0xC2}, "Intel"},
    {{0x3C, 0x5A, 0x37}, "Samsung"},
    {{0x3C, 0x5A, 0xB4}, "Google"},
    {{0x3C, 0x5C, 0xC4}, "Amazon"},
    {{0x3C, 0x61, 0x05}, "Espressif"},
    {{0x3C, 0x62, 0x00}, "Samsung"},
    {{0x3C, 0x64, 0xCF}, "TP-Link"},
    {{0x3C, 0x6A, 0x48}, "TP-Link"},
    {{0x3C, 0x6A, 0xA7}, "Intel"},
    {{0x3C, 0x6A, 0xD2}, "TP-Link"},
    {{0x3C, 0x6D, 0x89}, "Apple"},
    {{0x3C, 0x71, 0xBF}, "Espressif"},
    {{0x3C, 0x77, 0xE6}, "Foxconn"},
    {{0x3C, 0x78, 0x95}, "TP-Link"},
    {{0x3C, 0x7C, 0x3F}, "ASUS"},
    {{0x3C, 0x7D, 0x0A}, "Apple"},
    {{0x3C, 0x7D, 0xB1}, "Texas Instruments"},
    {{0x3C, 0x7F, 0x6E}, "Xiaomi"},
    {{0x3C, 0x83, 0x75}, "Microsoft"},
    {{0x3C, 0x84, 0x27}, "Espressif"},
    {{0x3C, 0x84, 0x6A}, "TP-Link"},
    {{0x3C, 0x8A, 0x1F}, "Espressif"},
    {{0x3C, 0x8B, 0xFE}, "Samsung"},
    {{0x3C, 0x8D, 0x20}, "Google"},
    {{0x3C, 0x91, 0x80}, "Liteon"},
    {{0x3C, 0x95, 0x09}, "Liteon"},
    {{0x3C, 0x9C, 0x0F}, "Intel"},
    {{0x3C, 0xA0, 0x67}, "Liteon"},
    {{0x3C, 0xA1, 0x0D}, "Samsung"},
    {{0x3C, 0xA3, 0x08}, "Texas Instruments"},
    {{0x3C, 0xA6, 0xF6}, "Apple"},
    {{0x3C, 0xA9, 0xF4}, "Intel"},
    {{0x3C, 0xAB, 0x8E}, "Apple"},
    {{0x3C, 0xAF, 0xB7}, "Xiaomi"},
    {{0x3C, 0xBB, 0xFD}, "Samsung"},
    {{0x3C, 0xBD, 0xD8}, "LG"},
    {{0x3C, 0xBF, 0x60}, "Apple"},
    {{0x3C, 0xBF, 0xD7}, "Apple"},
    {{0x3C, 0xCD, 0x36}, "Apple"},
    {{0x3C, 0xCD, 0x40}, "Apple"},
    {{0x3C, 0xCD, 0x93}, "LG"},
    {{0x3C, 0xD0, 0xF8}, "Apple"},
    {{0x3C, 0xDC, 0x75}, "Espressif"},
    {{0x3C, 0xDC, 0xBC}, "Samsung"},
    {{0x3C, 0xDD, 0x57}, "Apple"},
    {{0x3C, 0xE0, 0x02}, "Texas Instruments"},
    {{0x3C, 0xE0, 0x64}, "Texas Instruments"},
    {{0x3C, 0xE0, 0x72}, "Apple"},
    {{0x3C, 0xE4, 0x41}, "Amazon"},
    {{0x3C, 0xE4, 0xB0}, "Texas Instruments"},
    {{0x3C, 0xE9, 0x0E}, "Espressif"},
    {{0x3C, 0xE9, 0xF7}, "Intel"},
    {{0x3C, 0xF0, 0x11}, "Intel"},
    {{0x3C, 0xF7, 0xA4}, "Samsung"},
    {{0x3C, 0xF8, 0x62}, "Intel"},
    {{0x3C, 0xFA, 0x06}, "Microsoft"},
    {{0x3C, 0xFB, 0x02}, "Apple"},
    {{0x3C, 0xFD, 0xFE}, "Intel"},
    {{0x40, 0x06, 0xA0}, "Texas Instruments"},
    {{0x40, 0x08, 0x77}, "Xiaomi"},
    {{0x40, 0x0E, 0x85}, "Samsung"},
    {{0x40, 0x11, 0xC3}, "Samsung"},
    {{0x40, 0x12, 0x77}, "Microsoft"},
    {{0x40, 0x16, 0x3B}, "Samsung"},
    {{0x40, 0x16, 0x7E}, "ASUS"},
    {{0x40, 0x16, 0x9F}, "TP-Link"},
    {{0x40, 0x1C, 0x83}, "Intel"},
    {{0x40, 0x22, 0xD8}, "Espressif"},
    {{0x40, 0x25, 0xC2}, "Intel"},
    {{0x40, 0x26, 0x19}, "Apple"},
    {{0x40, 0x2B, 0xA1}, "Sony"},
    {{0x40, 0x2E, 0x71}, "Texas Instruments"},
    {{0x40, 0x30, 0x04}, "Apple"},
    {{0x40, 0x31, 0x3C}, "Xiaomi"},
    {{0x40, 0x33, 0x1A}, "Apple"},
    {{0x40, 0x35, 0xE6}, "Samsung"},
    {{0x40, 0x3C, 0xFC}, "Apple"},
    {{0x40, 0x3F, 0x8C}, "TP-Link"},
    {{0x40, 0x40, 0xA7}, "Sony"},
    {{0x40, 0x49, 0x0F}, "Foxconn"},
    {{0x40, 0x4C, 0xCA}, "Espressif"},
    {{0x40, 0x4D, 0x7F}, "Apple"},
    {{0x40, 0x5E, 0xF6}, "Samsung"},
    {{0x40, 0x5F, 0xC2}, "Texas Instruments"},
    {{0x40, 0x6C, 0x8F}, "Apple"},
    {{0x40, 0x70, 0xF5}, "Apple"},
    {{0x40, 0x74, 0xE0}, "Intel"},
    {{0x40, 0x78, 0x6A}, "Motorola"},
    {{0x40, 0x79, 0x11}, "Apple"},
    {{0x40, 0x79, 0x12}, "Texas Instruments"},
    {{0x40, 0x83, 0x1D}, "Apple"},
    {{0x40, 0x88, 0x05}, "Motorola"},
    {{0x40, 0x89, 0xC6}, "Amazon"},
    {{0x40, 0x8E, 0x2C}, "Microsoft"},
    {{0x40, 0x91, 0x51}, "Espressif"},
    {{0x40, 0x92, 0x1A}, "Apple"},
    {{0x40, 0x95, 0x95}, "TP-Link"},
    {{0x40, 0x98, 0x4E}, "Texas Instruments"},
    {{0x40, 0x98, 0xAD}, "Apple"},
    {{0x40, 0x99, 0x22}, "AzureWave"},
    {{0x40, 0x9C, 0x28}, "Apple"},
    {{0x40, 0x9F, 0x38}, "AzureWave"},
    {{0x40, 0xA2, 0xDB}, "Amazon"},
    {{0x40, 0xA3, 0xCC}, "Intel"},
    {{0x40, 0xA4, 0x4A}, "Google"},
    {{0x40, 0xA6, 0xB7}, "Intel"},
    {{0x40, 0xA6, 0xD9}, "Apple"},
    {{0x40, 0xA9, 0xCF}, "Amazon"},
    {{0x40, 0xAE, 0x30}, "TP-Link"},
    {{0x40, 0xB0, 0x76}, "ASUS"},
    {{0x40, 0xB0, 0xFA}, "LG"},
    {{0x40, 0xB3, 0x95}, "Apple"},
    {{0x40, 0xB3, 0xFA}, "Apple"},
    {{0x40, 0xB4, 0xCD}, "Amazon"},
    {{0x40, 0xB8, 0x37}, "Sony"},
    {{0x40, 0xB8, 0x9A}, "Foxconn"},
    {{0x40, 0xBC, 0x60}, "Apple"},
    {{0x40, 0xBD, 0x32}, "Texas Instruments"},
    {{0x40, 0xC7, 0x11}, "Apple"},
    {{0x40, 0xC7, 0x3C}, "Intel"},
    {{0x40, 0xCB, 0xC0}, "Apple"},
    {{0x40, 0xD1, 0x33}, "Intel"},
    {{0x40, 0xD1, 0x60}, "Apple"},
    {{0x40, 0xD3, 0x2D}, "Apple"},
    {{0x40, 0xD3, 0xAE}, "Samsung"},
    {{0x40, 0xD9, 0x5A}, "AmpAK"},
    {{0x40, 0xDA, 0x5C}, "Apple"},
    {{0x40, 0xDE, 0x24}, "Samsung"},
    {{0x40, 0xE2, 0x30}, "AzureWave"},
    {{0x40, 0xE6, 0x4B}, "Apple"},
    {{0x40, 0xE9, 0x9B}, "Samsung"},
    {{0x40, 0xEC, 0x99}, "Intel"},
    {{0x40, 0xEC, 0xBD}, "Intel"},
    {{0x40, 0xED, 0x00}, "TP-Link"},
    {{0x40, 0xED, 0xCF}, "Apple"},
    {{0x40, 0xF0, 0x2F}, "Liteon"},
    {{0x40, 0xF3, 0x08}, "Murata"},
    {{0x40, 0xF3, 0xB0}, "Texas Instruments"},
    {{0x40, 0xF5, 0x20}, "Espressif"},
    {{0x40, 0xF6, 0xBC}, "Amazon"},
    {{0x40, 0xF9, 0x46}, "Apple"},
    {{0x40, 0xFA, 0xFE}, "Motorola"},
    {{0x40, 0xFD, 0xF3}, "AmpAK"},
    {{0x44, 0x00, 0x10}, "Apple"},
    {{0x44, 0x00, 0x49}, "Amazon"},
    {{0x44, 0x03, 0x2C}, "Intel"},
    {{0x44, 0x07, 0x0B}, "Google"},
    {{0x44, 0x09, 0xDA}, "Apple"},
    {{0x44, 0x10, 0x30}, "Google"},
    {{0x44, 0x16, 0x22}, "Microsoft"},
    {{0x44, 0x16, 0xFA}, "Samsung"},
    {{0x44, 0x17, 0x93}, "Espressif"},
    {{0x44, 0x18, 0xFD}, "Apple"},
    {{0x44, 0x1B, 0x88}, "Apple"},
    {{0x44, 0x1B, 0xF6}, "Espressif"},
    {{0x44, 0x1C, 0x7F}, "Motorola"},
    {{0x44, 0x1C, 0xA8}, "Foxconn"},
    {{0x44, 0x1D, 0x64}, "Espressif"},
    {{0x44, 0x2A, 0x60}, "Apple"},
    {{0x44, 0x2C, 0x05}, "AmpAK"},
    {{0x44, 0x35, 0x83}, "Apple"},
    {{0x44, 0x37, 0xE6}, "Foxconn"},
    {{0x44, 0x38, 0xE8}, "Intel"},
    {{0x44, 0x3D, 0x54}, "Amazon"},
    {{0x44, 0x3E, 0x8A}, "Texas Instruments"},
    {{0x44, 0x42, 0x01}, "Amazon"},
    {{0x44, 0x46, 0x48}, "Foxconn"},
    {{0x44, 0x49, 0x88}, "Intel"},
    {{0x44, 0x4A, 0x37}, "Xiaomi"},
    {{0x44, 0x4A, 0xDB}, "Apple"},
    {{0x44, 0x4C, 0x0C}, "Apple"},
    {{0x44, 0x4E, 0x1A}, "Samsung"},
    {{0x44, 0x5C, 0xE9}, "Samsung"},
    {{0x44, 0x65, 0x0D}, "Amazon"},
    {{0x44, 0x66, 0x90}, "TP-Link"},
    {{0x44, 0x6B, 0x1F}, "Texas Instruments"},
    {{0x44, 0x6D, 0x57}, "Liteon"},
    {{0x44, 0x6D, 0x6C}, "Samsung"},
    {{0x44, 0x6D, 0x7F}, "Amazon"},
    {{0x44, 0x74, 0x6C}, "Sony"},
    {{0x44, 0x78, 0x3E}, "Samsung"},
    {{0x44, 0x7B, 0x45}, "Amazon"},
    {{0x44, 0x80, 0xEB}, "Motorola"},
    {{0x44, 0x83, 0x46}, "Texas Instruments"},
    {{0x44, 0x85, 0x00}, "Intel"},
    {{0x44, 0x88, 0xBE}, "Texas Instruments"},
    {{0x44, 0x8A, 0x7F}, "Murata"},
    {{0x44, 0x8F, 0x17}, "Samsung"},
    {{0x44, 0x90, 0xBB}, "Apple"},
    {{0x44, 0x91, 0x60}, "Murata"},
    {{0x44, 0x9E, 0x8B}, "Apple"},
    {{0x44, 0xA1, 0x0E}, "Apple"},
    {{0x44, 0xA3, 0xBB}, "Intel"},
    {{0x44, 0xA7, 0xCF}, "Murata"},
    {{0x44, 0xA7, 0xF4}, "Apple"},
    {{0x44, 0xA8, 0xFC}, "Apple"},
    {{0x44, 0xAF, 0x28}, "Intel"},
    {{0x44, 0xB1, 0x76}, "Espressif"},
    {{0x44, 0xB3, 0x2D}, "TP-Link"},
    {{0x44, 0xB4, 0xB2}, "Amazon"},
    {{0x44, 0xBB, 0x3B}, "Google"},
    {{0x44, 0xBD, 0x8D}, "Espressif"},
    {{0x44, 0xBD, 0xC8}, "Xiaomi"},
    {{0x44, 0xC1, 0x5C}, "Texas Instruments"},
    {{0x44, 0xC6, 0x3C}, "Samsung"},
    {{0x44, 0xC6, 0x5D}, "Apple"},
    {{0x44, 0xCB, 0xAD}, "Xiaomi"},
    {{0x44, 0xD4, 0xE0}, "Sony"},
    {{0x44, 0xD5, 0xCC}, "Amazon"},
    {{0x44, 0xD8, 0x32}, "AzureWave"},
    {{0x44, 0xD8, 0x84}, "Apple"},
    {{0x44, 0xDA, 0x30}, "Apple"},
    {{0x44, 0xE5, 0x17}, "Intel"},
    {{0x44, 0xE6, 0x6E}, "Apple"},
    {{0x44, 0xEA, 0x30}, "Samsung"},
    {{0x44, 0xEA, 0xD8}, "Texas Instruments"},
    {{0x44, 0xEE, 0x14}, "Texas Instruments"},
    {{0x44, 0xF0, 0x9E}, "Apple"},
    {{0x44, 0xF2, 0x1B}, "Apple"},
    {{0x44, 0xF4, 0x59}, "Samsung"},
    {{0x44, 0xFB, 0x42}, "Apple"},
    {{0x48, 0x01, 0xC5}, "OnePlus"},
    {{0x48, 0x0A, 0x28}, "Apple"},
    {{0x48, 0x0E, 0xEC}, "TP-Link"},
    {{0x48, 0x13, 0x7E}, "Samsung"},
    {{0x48, 0x22, 0x54}, "TP-Link"},
    {{0x48, 0x26, 0x2C}, "Apple"},
    {{0x48, 0x27, 0xE2}, "Espressif"},
    {{0x48, 0x27, 0xEA}, "Samsung"},
    {{0x48, 0x2C, 0xA0}, "Xiaomi"},
    {{0x48, 0x31, 0xB7}, "Espressif"},
    {{0x48, 0x35, 0x2B}, "Apple"},
    {{0x48, 0x3B, 0x38}, "Apple"},
    {{0x48, 0x3F, 0xDA}, "Espressif"},
    {{0x48, 0x40, 0xD5}, "Intel"},
    {{0x48, 0x43, 0x7C}, "Apple"},
    {{0x48, 0x43, 0xDD}, "Amazon"},
    {{0x48, 0x44, 0xF7}, "Samsung"},
    {{0x48, 0x45, 0x20}, "Intel"},
    {{0x48, 0x49, 0xC7}, "Samsung"},
    {{0x48, 0x4B, 0xAA}, "Apple"},
    {{0x48, 0x50, 0x73}, "Microsoft"},
    {{0x48, 0x51, 0x69}, "Samsung"},
    {{0x48, 0x51, 0xB7}, "Intel"},
    {{0x48, 0x51, 0xC5}, "Intel"},
    {{0x48, 0x55, 0x19}, "Espressif"},
    {{0x48, 0x59, 0x29}, "LG"},
    {{0x48, 0x5A, 0xB6}, "Foxconn"},
    {{0x48, 0x5B, 0x39}, "ASUS"},
    {{0x48, 0x5D, 0x60}, "AzureWave"},
    {{0x48, 0x5F, 0x08}, "TP-Link"},
    {{0x48, 0x5F, 0x2D}, "Amazon"},
    {{0x48, 0x60, 0x5F}, "LG"},
    {{0x48, 0x60, 0xBC}, "Apple"},
    {{0x48, 0x61, 0xEE}, "Samsung"},
    {{0x48, 0x68, 0x4A}, "Intel"},
    {{0x48, 0x70, 0x1E}, "Texas Instruments"},
    {{0x48, 0x74, 0x12}, "OnePlus"},
    {{0x48, 0x74, 0x6E}, "Apple"},
    {{0x48, 0x78, 0x5E}, "Amazon"},
    {{0x48, 0x79, 0x4D}, "Samsung"},
    {{0x48, 0x7B, 0x2F}, "Microsoft"},
    {{0x48, 0x7D, 0x2E}, "TP-Link"},
    {{0x48, 0x84, 0x9D}, "Texas Instruments"},
    {{0x48, 0x86, 0xE8}, "Microsoft"},
    {{0x48, 0x87, 0x59}, "Xiaomi"},
    {{0x48, 0x89, 0xE7}, "Intel"},
    {{0x48, 0x90, 0x2F}, "LG"},
    {{0x48, 0x9D, 0x31}, "Espressif"},
    {{0x48, 0x9D, 0xD1}, "Samsung"},
    {{0x48, 0xA1, 0x95}, "Apple"},
    {{0x48, 0xA3, 0xBD}, "Texas Instruments"},
    {{0x48, 0xA4, 0x72}, "Intel"},
    {{0x48, 0xA9, 0x1C}, "Apple"},
    {{0x48, 0xAD, 0x9A}, "Intel"},
    {{0x48, 0xB4, 0x23}, "Amazon"},
    {{0x48, 0xB8, 0xA3}, "Apple"},
    {{0x48, 0xBC, 0xE1}, "Samsung"},
    {{0x48, 0xBF, 0x6B}, "Apple"},
    {{0x48, 0xC3, 0x81}, "TP-Link"},
    {{0x48, 0xC7, 0x96}, "Samsung"},
    {{0x48, 0xCA, 0x43}, "Espressif"},
    {{0x48, 0xCA, 0x68}, "Apple"},
    {{0x48, 0xD2, 0x24}, "Liteon"},
    {{0x48, 0xD6, 0xD5}, "Google"},
    {{0x48, 0xD7, 0x05}, "Apple"},
    {{0x48, 0xE1, 0x50}, "Intel"},
    {{0x48, 0xE1, 0x5C}, "Apple"},
    {{0x48, 0xE1, 0xCA}, "Apple"},
    {{0x48, 0xE2, 0x44}, "Foxconn"},
    {{0x48, 0xE7, 0x29}, "Espressif"},
    {{0x48, 0xE7, 0xDA}, "AzureWave"},
    {{0x48, 0xE9, 0xF1}, "Apple"},
    {{0x48, 0xEB, 0x62}, "Murata"},
    {{0x48, 0xEF, 0x1C}, "Samsung"},
    {{0x48, 0xF1, 0x7F}, "Intel"},
    {{0x48, 0xF6, 0xEE}, "Espressif"},
    {{0x48, 0xFD, 0xA3}, "Xiaomi"},
    {{0x4C, 0x02, 0x20}, "Xiaomi"},
    {{0x4C, 0x03, 0x4F}, "Intel"},
    {{0x4C, 0x0B, 0xBE}, "Microsoft"},
    {{0x4C, 0x0F, 0x3E}, "Intel"},
    {{0x4C, 0x0F, 0x6E}, "Foxconn"},
    {{0x4C, 0x10, 0xD5}, "TP-Link"},
    {{0x4C, 0x11, 0xAE}, "Espressif"},
    {{0x4C, 0x17, 0x44}, "Amazon"},
    {{0x4C, 0x1D, 0x96}, "Intel"},
    {{0x4C, 0x20, 0xB8}, "Apple"},
    {{0x4C, 0x21, 0xD0}, "Sony"},
    {{0x4C, 0x24, 0x98}, "Texas Instruments"},
    {{0x4C, 0x2E, 0x5E}, "Samsung"},
    {{0x4C, 0x2E, 0xB4}, "Apple"},
    {{0x4C, 0x32, 0x75}, "Apple"},
    {{0x4C, 0x34, 0x88}, "Intel"},
    {{0x4C, 0x39, 0x46}, "Samsung"},
    {{0x4C, 0x3B, 0xDF}, "Microsoft"},
    {{0x4C, 0x3C, 0x16}, "Samsung"},
    {{0x4C, 0x3F, 0xD3}, "Texas Instruments"},
    {{0x4C, 0x44, 0x5B}, "Intel"},
    {{0x4C, 0x49, 0x6C}, "Intel"},
    {{0x4C, 0x49, 0xE3}, "Xiaomi"},
    {{0x4C, 0x4F, 0xEE}, "OnePlus"},
    {{0x4C, 0x53, 0xFD}, "Amazon"},
    {{0x4C, 0x55, 0xB2}, "Xiaomi"},
    {{0x4C, 0x56, 0x9D}, "Apple"},
    {{0x4C, 0x57, 0x39}, "Samsung"},
    {{0x4C, 0x57, 0xCA}, "Apple"},
    {{0x4C, 0x5D, 0x6A}, "Apple"},
    {{0x4C, 0x5F, 0x70}, "Intel"},
    {{0x4C, 0x60, 0xAD}, "Amazon"},
    {{0x4C, 0x63, 0x71}, "Xiaomi"},
    {{0x4C, 0x66, 0x41}, "Samsung"},
    {{0x4C, 0x66, 0xA6}, "Samsung"},
    {{0x4C, 0x6B, 0xE8}, "Apple"},
    {{0x4C, 0x74, 0xBF}, "Apple"},
    {{0x4C, 0x75, 0x25}, "Espressif"},
    {{0x4C, 0x77, 0xCB}, "Intel"},
    {{0x4C, 0x79, 0x6E}, "Intel"},
    {{0x4C, 0x79, 0x75}, "Apple"},
    {{0x4C, 0x79, 0xBA}, "Intel"},
    {{0x4C, 0x7C, 0x5F}, "Apple"},
    {{0x4C, 0x7C, 0xD9}, "Apple"},
    {{0x4C, 0x80, 0x93}, "Intel"},
    {{0x4C, 0x80, 0xFB}, "Google"},
    {{0x4C, 0x82, 0x0C}, "Apple"},
    {{0x4C, 0x8D, 0x79}, "Apple"},
    {{0x4C, 0x8E, 0x19}, "Xiaomi"},
    {{0x4C, 0x97, 0xCC}, "Apple"},
    {{0x4C, 0x9F, 0xF1}, "Apple"},
    {{0x4C, 0xA5, 0x6D}, "Samsung"},
    {{0x4C, 0xA9, 0x54}, "Intel"},
    {{0x4C, 0xAA, 0x16}, "AzureWave"},
    {{0x4C, 0xAB, 0x4F}, "Apple"},
    {{0x4C, 0xAD, 0x35}, "Apple"},
    {{0x4C, 0xB0, 0x4A}, "Intel"},
    {{0x4C, 0xB1, 0x99}, "Apple"},
    {{0x4C, 0xB9, 0x10}, "Apple"},
    {{0x4C, 0xBC, 0xA5}, "Samsung"},
    {{0x4C, 0xC3, 0x82}, "Espressif"},
    {{0x4C, 0xC9, 0x5E}, "Samsung"},
    {{0x4C, 0xCD, 0xB6}, "Apple"},
    {{0x4C, 0xDA, 0x38}, "Texas Instruments"},
    {{0x4C, 0xDD, 0x31}, "Samsung"},
    {{0x4C, 0xE0, 0xDB}, "Xiaomi"},
    {{0x4C, 0xE2, 0x0F}, "Xiaomi"},
    {{0x4C, 0xE6, 0x50}, "Apple"},
    {{0x4C, 0xE6, 0xC0}, "Apple"},
    {{0x4C, 0xEB, 0x42}, "Intel"},
    {{0x4C, 0xEB, 0xB0}, "Samsung"},
    {{0x4C, 0xEB, 0xD6}, "Espressif"},
    {{0x4C, 0xEC, 0xEE}, "Samsung"},
    {{0x4C, 0xED, 0xFB}, "ASUS"},
    {{0x4C, 0xEF, 0xC0}, "Amazon"},
    {{0x4C, 0xF2, 0x02}, "Xiaomi"},
    {{0x50, 0x01, 0xBB}, "Samsung"},
    {{0x50, 0x02, 0x91}, "Espressif"},
    {{0x50, 0x07, 0xC3}, "Amazon"},
    {{0x50, 0x13, 0x1D}, "Motorola"},
    {{0x50, 0x16, 0xF4}, "Motorola"},
    {{0x50, 0x1A, 0xC5}, "Microsoft"},
    {{0x50, 0x1F, 0xC6}, "Apple"},
    {{0x50, 0x23, 0xA2}, "Apple"},
    {{0x50, 0x26, 0xEF}, "Murata"},
    {{0x50, 0x28, 0x4A}, "Intel"},
    {{0x50, 0x2D, 0xA2}, "Intel"},
    {{0x50, 0x2E, 0x91}, "AzureWave"},
    {{0x50, 0x2F, 0x9B}, "Intel"},
    {{0x50, 0x2F, 0xBB}, "Motorola"},
    {{0x50, 0x32, 0x37}, "Apple"},
    {{0x50, 0x32, 0x75}, "Samsung"},
    {{0x50, 0x33, 0x8B}, "Texas Instruments"},
    {{0x50, 0x3D, 0xA1}, "Samsung"},
    {{0x50, 0x3D, 0xC6}, "Xiaomi"},
    {{0x50, 0x3D, 0xD1}, "TP-Link"},
    {{0x50, 0x3E, 0xAA}, "TP-Link"},
    {{0x50, 0x41, 0x1C}, "AmpAK"},
    {{0x50, 0x46, 0x5D}, "ASUS"},
    {{0x50, 0x49, 0xB0}, "Samsung"},
    {{0x50, 0x50, 0xA4}, "Samsung"},
    {{0x50, 0x51, 0xA9}, "Texas Instruments"},
    {{0x50, 0x55, 0x27}, "LG"},
    {{0x50, 0x56, 0x63}, "Texas Instruments"},
    {{0x50, 0x56, 0xBF}, "Samsung"},
    {{0x50, 0x57, 0x8A}, "Apple"},
    {{0x50, 0x5A, 0x65}, "AzureWave"},
    {{0x50, 0x5B, 0xC2}, "Liteon"},
    {{0x50, 0x63, 0x13}, "Foxconn"},
    {{0x50, 0x64, 0x2B}, "Xiaomi"},
    {{0x50, 0x65, 0x83}, "Texas Instruments"},
    {{0x50, 0x72, 0x24}, "Texas Instruments"},
    {{0x50, 0x76, 0xAF}, "Intel"},
    {{0x50, 0x77, 0x05}, "Samsung"},
    {{0x50, 0x78, 0x7D}, "Espressif"},
    {{0x50, 0x7A, 0x55}, "Apple"},
    {{0x50, 0x7A, 0xC5}, "Apple"},
    {{0x50, 0x7C, 0x6F}, "Intel"},
    {{0x50, 0x82, 0xD5}, "Apple"},
    {{0x50, 0x84, 0x92}, "Intel"},
    {{0x50, 0x85, 0x69}, "Samsung"},
    {{0x50, 0x8C, 0xB1}, "Texas Instruments"},
    {{0x50, 0x8E, 0x49}, "Xiaomi"},
    {{0x50, 0x8F, 0x4C}, "Xiaomi"},
    {{0x50, 0x91, 0xE3}, "TP-Link"},
    {{0x50, 0x92, 0xB9}, "Samsung"},
    {{0x50, 0x98, 0x39}, "Xiaomi"},
    {{0x50, 0x98, 0x93}, "Texas Instruments"},
    {{0x50, 0x99, 0x5A}, "Amazon"},
    {{0x50, 0x9E, 0xA7}, "Samsung"},
    {{0x50, 0xA0, 0x09}, "Xiaomi"},
    {{0x50, 0xA4, 0xC8}, "Samsung"},
    {{0x50, 0xA6, 0x7F}, "Apple"},
    {{0x50, 0xA6, 0xD8}, "Apple"},
    {{0x50, 0xB0, 0x3B}, "Sony"},
    {{0x50, 0xB1, 0x27}, "Apple"},
    {{0x50, 0xB7, 0xC3}, "Samsung"},
    {{0x50, 0xBB, 0xB5}, "AzureWave"},
    {{0x50, 0xBC, 0x96}, "Apple"},
    {{0x50, 0xBD, 0x5F}, "TP-Link"},
    {{0x50, 0xC7, 0xBF}, "TP-Link"},
    {{0x50, 0xC8, 0xE5}, "Samsung"},
    {{0x50, 0xCC, 0xF8}, "Samsung"},
    {{0x50, 0xD4, 0x5C}, "Amazon"},
    {{0x50, 0xD4, 0xF7}, "TP-Link"},
    {{0x50, 0xDA, 0xD6}, "Xiaomi"},
    {{0x50, 0xDC, 0xE7}, "Amazon"},
    {{0x50, 0xDE, 0x06}, "Apple"},
    {{0x50, 0xE0, 0x85}, "Intel"},
    {{0x50, 0xEA, 0xD6}, "Apple"},
    {{0x50, 0xEB, 0x71}, "Intel"},
    {{0x50, 0xEB, 0xF6}, "ASUS"},
    {{0x50, 0xED, 0x3C}, "Apple"},
    {{0x50, 0xEE, 0x32}, "Foxconn"},
    {{0x50, 0xF0, 0xD3}, "Samsung"},
    {{0x50, 0xF1, 0x4A}, "Texas Instruments"},
    {{0x50, 0xF2, 0x65}, "Apple"},
    {{0x50, 0xF3, 0x51}, "Apple"},
    {{0x50, 0xF4, 0xEB}, "Apple"},
    {{0x50, 0xF5, 0x20}, "Samsung"},
    {{0x50, 0xF5, 0xDA}, "Amazon"},
    {{0x50, 0xFA, 0x84}, "TP-Link"},
    {{0x50, 0xFC, 0x9F}, "Samsung"},
    {{0x50, 0xFE, 0x0C}, "AzureWave"},
    {{0x54, 0x04, 0xA6}, "ASUS"},
    {{0x54, 0x09, 0x10}, "Apple"},
    {{0x54, 0x10, 0x4F}, "Samsung"},
    {{0x54, 0x13, 0x79}, "Foxconn"},
    {{0x54, 0x14, 0xF3}, "Intel"},
    {{0x54, 0x21, 0x9D}, "Samsung"},
    {{0x54, 0x26, 0x3D}, "Sony"},
    {{0x54, 0x26, 0x96}, "Apple"},
    {{0x54, 0x27, 0x1E}, "AzureWave"},
    {{0x54, 0x29, 0x06}, "Apple"},
    {{0x54, 0x2A, 0x43}, "Apple"},
    {{0x54, 0x2B, 0x1C}, "Amazon"},
    {{0x54, 0x2B, 0x8D}, "Apple"},
    {{0x54, 0x32, 0x04}, "Espressif"},
    {{0x54, 0x32, 0xC7}, "Apple"},
    {{0x54, 0x33, 0xCB}, "Apple"},
    {{0x54, 0x35, 0x30}, "Foxconn"},
    {{0x54, 0x36, 0x31}, "Intel"},
    {{0x54, 0x3A, 0xD6}, "Samsung"},
    {{0x54, 0x40, 0xAD}, "Samsung"},
    {{0x54, 0x42, 0x49}, "Sony"},
    {{0x54, 0x43, 0xB2}, "Espressif"},
    {{0x54, 0x44, 0xA3}, "Samsung"},
    {{0x54, 0x45, 0x38}, "Texas Instruments"},
    {{0x54, 0x4A, 0x16}, "Texas Instruments"},
    {{0x54, 0x4C, 0x8A}, "Microsoft"},
    {{0x54, 0x4E, 0x90}, "Apple"},
    {{0x54, 0x53, 0xED}, "Sony"},
    {{0x54, 0x5A, 0xA6}, "Espressif"},
    {{0x54, 0x60, 0x09}, "Google"},
    {{0x54, 0x62, 0xE2}, "Apple"},
    {{0x54, 0x67, 0x49}, "Google"},
    {{0x54, 0x6C, 0x0E}, "Texas Instruments"},
    {{0x54, 0x6C, 0xEB}, "Intel"},
    {{0x54, 0x72, 0x4F}, "Apple"},
    {{0x54, 0x75, 0x95}, "TP-Link"},
    {{0x54, 0x78, 0xC9}, "AmpAK"},
    {{0x54, 0x7D, 0xCD}, "Texas Instruments"},
    {{0x54, 0x88, 0x0E}, "Samsung"},
    {{0x54, 0x8C, 0xA0}, "Liteon"},
    {{0x54, 0x8D, 0x5A}, "Intel"},
    {{0x54, 0x92, 0xBE}, "Samsung"},
    {{0x54, 0x96, 0xCB}, "AmpAK"},
    {{0x54, 0x99, 0x63}, "Apple"},
    {{0x54, 0x9B, 0x12}, "Samsung"},
    {{0x54, 0x9F, 0x13}, "Apple"},
    {{0x54, 0xA0, 0x50}, "ASUS"},
    {{0x54, 0xA7, 0x03}, "TP-Link"},
    {{0x54, 0xAE, 0x27}, "Apple"},
    {{0x54, 0xAF, 0x97}, "TP-Link"},
    {{0x54, 0xB8, 0x02}, "Samsung"},
    {{0x54, 0xB8, 0xDB}, "Apple"},
    {{0x54, 0xBD, 0x79}, "Samsung"},
    {{0x54, 0xC8, 0x0F}, "TP-Link"},
    {{0x54, 0xD1, 0x7D}, "Samsung"},
    {{0x54, 0xDD, 0x4F}, "Samsung"},
    {{0x54, 0xE4, 0x3A}, "Apple"},
    {{0x54, 0xE4, 0xED}, "Intel"},
    {{0x54, 0xE6, 0x1B}, "Apple"},
    {{0x54, 0xE6, 0xFC}, "TP-Link"},
    {{0x54, 0xE6, 0xFD}, "Sony"},
    {{0x54, 0xEA, 0xA8}, "Apple"},
    {{0x54, 0xEB, 0xE9}, "Apple"},
    {{0x54, 0xF2, 0x01}, "Samsung"},
    {{0x54, 0xFA, 0x3E}, "Samsung"},
    {{0x54, 0xFC, 0xF0}, "Samsung"},
    {{0x54, 0xFE, 0xEB}, "Texas Instruments"},
    {{0x58, 0x00, 0xE3}, "Liteon"},
    {{0x58, 0x02, 0x05}, "AzureWave"},
    {{0x58, 0x04, 0x4F}, "TP-Link"},
    {{0x58, 0x09, 0x87}, "Amazon"},
    {{0x58, 0x0A, 0xD4}, "Apple"},
    {{0x58, 0x0F, 0xA5}, "Apple"},
    {{0x58, 0x10, 0x31}, "Foxconn"},
    {{0x58, 0x11, 0x22}, "ASUS"},
    {{0x58, 0x17, 0x0C}, "Sony"},
    {{0x58, 0x18, 0x62}, "Sony"},
    {{0x58, 0x1C, 0xF8}, "Intel"},
    {{0x58, 0x1F, 0xAA}, "Apple"},
    {{0x58, 0x20, 0x59}, "Xiaomi"},
    {{0x58, 0x20, 0x71}, "Samsung"},
    {{0x58, 0x24, 0x29}, "Google"},
    {{0x58, 0x2A, 0x93}, "Apple"},
    {{0x58, 0x2A, 0xBD}, "Espressif"},
    {{0x58, 0x2B, 0x0A}, "Texas Instruments"},
    {{0x58, 0x36, 0x53}, "Apple"},
    {{0x58, 0x3F, 0x54}, "LG"},
    {{0x58, 0x40, 0x4E}, "Apple"},
    {{0x58, 0x41, 0x20}, "TP-Link"},
    {{0x58, 0x44, 0x98}, "Xiaomi"},
    {{0x58, 0x48, 0x22}, "Sony"},
    {{0x58, 0x55, 0x95}, "Apple"},
    {{0x58, 0x55, 0xCA}, "Apple"},
    {{0x58, 0x56, 0xAA}, "Apple"},
    {{0x58, 0x64, 0xC4}, "Apple"},
    {{0x58, 0x66, 0x6D}, "Apple"},
    {{0x58, 0x6B, 0x14}, "Apple"},
    {{0x58, 0x6C, 0x25}, "Intel"},
    {{0x58, 0x6D, 0x67}, "Intel"},
    {{0x58, 0x73, 0xD8}, "Apple"},
    {{0x58, 0x79, 0x61}, "Microsoft"},
    {{0x58, 0x79, 0xE0}, "Samsung"},
    {{0x58, 0x7A, 0x62}, "Texas Instruments"},
    {{0x58, 0x7F, 0x57}, "Apple"},
    {{0x58, 0x82, 0xA8}, "Microsoft"},
    {{0x58, 0x87, 0x4C}, "Liteon"},
    {{0x58, 0x8C, 0x81}, "Espressif"},
    {{0x58, 0x91, 0xCF}, "Intel"},
    {{0x58, 0x93, 0xD8}, "Texas Instruments"},
    {{0x58, 0x93, 0xE8}, "Apple"},
    {{0x58, 0x94, 0x6B}, "Intel"},
    {{0x58, 0x96, 0x0A}, "LG"},
    {{0x58, 0x96, 0x1D}, "Intel"},
    {{0x58, 0x9A, 0x3E}, "Amazon"},
    {{0x58, 0xA0, 0x23}, "Intel"},
    {{0x58, 0xA1, 0x5F}, "Texas Instruments"},
    {{0x58, 0xA2, 0xB5}, "LG"},
    {{0x58, 0xA6, 0x39}, "Samsung"},
    {{0x58, 0xA8, 0x39}, "Intel"},
    {{0x58, 0xA8, 0xE8}, "Amazon"},
    {{0x58, 0xAD, 0x12}, "Apple"},
    {{0x58, 0xB0, 0x35}, "Apple"},
    {{0x58, 0xB1, 0x0F}, "Samsung"},
    {{0x58, 0xB9, 0x65}, "Apple"},
    {{0x58, 0xBF, 0x25}, "Espressif"},
    {{0x58, 0xC3, 0x8B}, "Samsung"},
    {{0x58, 0xC5, 0xCB}, "Samsung"},
    {{0x58, 0xCB, 0x52}, "Google"},
    {{0x58, 0xCE, 0x2A}, "Intel"},
    {{0x58, 0xCF, 0x79}, "Espressif"},
    {{0x58, 0xD1, 0x5A}, "Texas Instruments"},
    {{0x58, 0xD3, 0x49}, "Apple"},
    {{0x58, 0xD5, 0x0A}, "Murata"},
    {{0x58, 0xD8, 0x12}, "TP-Link"},
    {{0x58, 0xD9, 0xC3}, "Motorola"},
    {{0x58, 0xE2, 0x8F}, "Apple"},
    {{0x58, 0xE4, 0x88}, "Amazon"},
    {{0x58, 0xE6, 0xBA}, "Apple"},
    {{0x58, 0xE6, 0xC5}, "Espressif"},
    {{0x58, 0xFB, 0x84}, "Intel"},
    {{0x58, 0xFD, 0xB1}, "LG"},
    {{0x5C, 0x01, 0x3B}, "Espressif"},
    {{0x5C, 0x09, 0x47}, "Apple"},
    {{0x5C, 0x0A, 0x5B}, "Samsung"},
    {{0x5C, 0x10, 0xC5}, "Samsung"},
    {{0x5C, 0x13, 0xAC}, "Apple"},
    {{0x5C, 0x13, 0xCC}, "Apple"},
    {{0x5C, 0x17, 0xCF}, "OnePlus"},
    {{0x5C, 0x1B, 0xF4}, "Apple"},
    {{0x5C, 0x1D, 0xD9}, "Apple"},
    {{0x5C, 0x2E, 0x59}, "Samsung"},
    {{0x5C, 0x31, 0x3E}, "Texas Instruments"},
    {{0x5C, 0x33, 0x7B}, "Google"},
    {{0x5C, 0x3C, 0x27}, "Samsung"},
    {{0x5C, 0x3E, 0x1B}, "Apple"},
    {{0x5C, 0x40, 0x71}, "Xiaomi"},
    {{0x5C, 0x41, 0x5A}, "Amazon"},
    {{0x5C, 0x49, 0x7D}, "Samsung"},
    {{0x5C, 0x50, 0xD9}, "Apple"},
    {{0x5C, 0x51, 0x36}, "Samsung"},
    {{0x5C, 0x51, 0x4F}, "Intel"},
    {{0x5C, 0x51, 0x81}, "Samsung"},
    {{0x5C, 0x51, 0x88}, "Motorola"},
    {{0x5C, 0x52, 0x30}, "Apple"},
    {{0x5C, 0x52, 0x84}, "Apple"},
    {{0x5C, 0x59, 0x48}, "Apple"},
    {{0x5C, 0x5E, 0x0A}, "Samsung"},
    {{0x5C, 0x5F, 0x67}, "Intel"},
    {{0x5C, 0x62, 0x8B}, "TP-Link"},
    {{0x5C, 0x63, 0xBF}, "TP-Link"},
    {{0x5C, 0x67, 0x83}, "Intel"},
    {{0x5C, 0x6B, 0x32}, "Texas Instruments"},
    {{0x5C, 0x6D, 0x20}, "Foxconn"},
    {{0x5C, 0x70, 0x17}, "Apple"},
    {{0x5C, 0x70, 0xA3}, "LG"},
    {{0x5C, 0x80, 0xB6}, "Intel"},
    {{0x5C, 0x84, 0x3C}, "Sony"},
    {{0x5C, 0x86, 0x5C}, "Samsung"},
    {{0x5C, 0x87, 0x30}, "Apple"},
    {{0x5C, 0x87, 0x9C}, "Intel"},
    {{0x5C, 0x89, 0x9A}, "TP-Link"},
    {{0x5C, 0x8B, 0x6B}, "Amazon"},
    {{0x5C, 0x8D, 0x4E}, "Apple"},
    {{0x5C, 0x91, 0x75}, "Apple"},
    {{0x5C, 0x93, 0xA2}, "Liteon"},
    {{0x5C, 0x95, 0xAE}, "Apple"},
    {{0x5C, 0x96, 0x56}, "AzureWave"},
    {{0x5C, 0x96, 0x66}, "Sony"},
    {{0x5C, 0x96, 0x9D}, "Apple"},
    {{0x5C, 0x97, 0xF3}, "Apple"},
    {{0x5C, 0x99, 0x60}, "Samsung"},
    {{0x5C, 0x99, 0x77}, "Apple"},
    {{0x5C, 0x9B, 0xA6}, "Apple"},
    {{0x5C, 0xA3, 0x9D}, "Samsung"},
    {{0x5C, 0xA6, 0x4F}, "TP-Link"},
    {{0x5C, 0xA6, 0xE6}, "TP-Link"},
    {{0x5C, 0xAC, 0x3D}, "Samsung"},
    {{0x5C, 0xAC, 0x4C}, "Foxconn"},
    {{0x5C, 0xAD, 0xBA}, "Apple"},
    {{0x5C, 0xAD, 0xCF}, "Apple"},
    {{0x5C, 0xAF, 0x06}, "LG"},
    {{0x5C, 0xB2, 0x6D}, "Intel"},
    {{0x5C, 0xB4, 0x7E}, "Intel"},
    {{0x5C, 0xB5, 0x24}, "Sony"},
    {{0x5C, 0xB8, 0xB7}, "Apple"},
    {{0x5C, 0xBA, 0x37}, "Microsoft"},
    {{0x5C, 0xC1, 0xD7}, "Samsung"},
    {{0x5C, 0xC5, 0xD4}, "Intel"},
    {{0x5C, 0xCA, 0x1A}, "Microsoft"},
    {{0x5C, 0xCB, 0x99}, "Samsung"},
    {{0x5C, 0xCD, 0x5B}, "Intel"},
    {{0x5C, 0xCF, 0x7F}, "Espressif"},
    {{0x5C, 0xD0, 0x6E}, "Xiaomi"},
    {{0x5C, 0xD2, 0xE4}, "Intel"},
    {{0x5C, 0xD3, 0x3D}, "Samsung"},
    {{0x5C, 0xDA, 0xD4}, "Murata"},
    {{0x5C, 0xDC, 0x49}, "Samsung"},
    {{0x5C, 0xE0, 0xC5}, "Intel"},
    {{0x5C, 0xE4, 0x2A}, "Intel"},
    {{0x5C, 0xE8, 0xEB}, "Samsung"},
    {{0x5C, 0xE9, 0x1E}, "Apple"},
    {{0x5C, 0xE9, 0x31}, "TP-Link"},
    {{0x5C, 0xEA, 0x1D}, "Foxconn"},
    {{0x5C, 0xED, 0xF4}, "Samsung"},
    {{0x5C, 0xF5, 0xDA}, "Apple"},
    {{0x5C, 0xF6, 0xDC}, "Samsung"},
    {{0x5C, 0xF7, 0xE6}, "Apple"},
    {{0x5C, 0xF8, 0x21}, "Texas Instruments"},
    {{0x5C, 0xF8, 0xA1}, "Murata"},
    {{0x5C, 0xF9, 0x38}, "Apple"},
    {{0x60, 0x01, 0x94}, "Espressif"},
    {{0x60, 0x03, 0x08}, "Apple"},
    {{0x60, 0x06, 0xE3}, "Apple"},
    {{0x60, 0x0F, 0x6B}, "Apple"},
    {{0x60, 0x15, 0x6F}, "TP-Link"},
    {{0x60, 0x1D, 0x91}, "Motorola"},
    {{0x60, 0x21, 0xC0}, "Murata"},
    {{0x60, 0x26, 0x02}, "Texas Instruments"},
    {{0x60, 0x29, 0x2B}, "TP-Link"},
    {{0x60, 0x2E, 0xD5}, "Apple"},
    {{0x60, 0x30, 0xD4}, "Apple"},
    {{0x60, 0x32, 0xB1}, "TP-Link"},
    {{0x60, 0x33, 0x4B}, "Apple"},
    {{0x60, 0x36, 0xDD}, "Intel"},
    {{0x60, 0x3A, 0x7C}, "TP-Link"},
    {{0x60, 0x3A, 0xAF}, "Samsung"},
    {{0x60, 0x3C, 0xEE}, "LG"},
    {{0x60, 0x3E, 0x5F}, "Apple"},
    {{0x60, 0x45, 0x2E}, "Intel"},
    {{0x60, 0x45, 0xBD}, "Microsoft"},
    {{0x60, 0x45, 0xCB}, "ASUS"},
    {{0x60, 0x55, 0xF9}, "Espressif"},
    {{0x60, 0x57, 0x18}, "Intel"},
    {{0x60, 0x57, 0xC8}, "Apple"},
    {{0x60, 0x5B, 0xB4}, "AzureWave"},
    {{0x60, 0x64, 0x05}, "Texas Instruments"},
    {{0x60, 0x65, 0x25}, "Apple"},
    {{0x60, 0x67, 0x20}, "Intel"},
    {{0x60, 0x68, 0x4E}, "Samsung"},
    {{0x60, 0x69, 0x44}, "Apple"},
    {{0x60, 0x6B, 0xBD}, "Samsung"},
    {{0x60, 0x6C, 0x66}, "Intel"},
    {{0x60, 0x6D, 0xC7}, "Foxconn"},
    {{0x60, 0x6E, 0xE8}, "Xiaomi"},
    {{0x60, 0x70, 0x6C}, "Google"},
    {{0x60, 0x70, 0xC0}, "Apple"},
    {{0x60, 0x75, 0x6C}, "LG"},
    {{0x60, 0x77, 0x71}, "Texas Instruments"},
    {{0x60, 0x77, 0xE2}, "Samsung"},
    {{0x60, 0x7E, 0xC9}, "Apple"},
    {{0x60, 0x7E, 0xDD}, "Microsoft"},
    {{0x60, 0x7F, 0xCB}, "Samsung"},
    {{0x60, 0x81, 0x10}, "Apple"},
    {{0x60, 0x82, 0x46}, "Apple"},
    {{0x60, 0x83, 0x73}, "Apple"},
    {{0x60, 0x83, 0xE7}, "TP-Link"},
    {{0x60, 0x8B, 0x0E}, "Apple"},
    {{0x60, 0x8C, 0x4A}, "Apple"},
    {{0x60, 0x8E, 0x08}, "Samsung"},
    {{0x60, 0x8F, 0x5C}, "Samsung"},
    {{0x60, 0x92, 0x17}, "Apple"},
    {{0x60, 0x93, 0x16}, "Apple"},
    {{0x60, 0x95, 0x78}, "Samsung"},
    {{0x60, 0x95, 0xBD}, "Apple"},
    {{0x60, 0x98, 0x66}, "Texas Instruments"},
    {{0x60, 0x9A, 0xC1}, "Apple"},
    {{0x60, 0xA1, 0x0A}, "Samsung"},
    {{0x60, 0xA3, 0x7D}, "Apple"},
    {{0x60, 0xA3, 0xE3}, "TP-Link"},
    {{0x60, 0xA4, 0x4C}, "ASUS"},
    {{0x60, 0xA4, 0xB7}, "TP-Link"},
    {{0x60, 0xA4, 0xD0}, "Samsung"},
    {{0x60, 0xA5, 0xE2}, "Intel"},
    {{0x60, 0xAB, 0x67}, "Xiaomi"},
    {{0x60, 0xAF, 0x6D}, "Samsung"},
    {{0x60, 0xB4, 0xA2}, "Samsung"},
    {{0x60, 0xB6, 0xE1}, "Texas Instruments"},
    {{0x60, 0xB7, 0x6E}, "Google"},
    {{0x60, 0xBE, 0xB5}, "Motorola"},
    {{0x60, 0xBE, 0xC4}, "Apple"},
    {{0x60, 0xC5, 0x47}, "Apple"},
    {{0x60, 0xC5, 0xAD}, "Samsung"},
    {{0x60, 0xCF, 0x84}, "ASUS"},
    {{0x60, 0xD0, 0x39}, "Apple"},
    {{0x60, 0xD0, 0xA9}, "Samsung"},
    {{0x60, 0xD8, 0x19}, "Foxconn"},
    {{0x60, 0xD9, 0xC7}, "Apple"},
    {{0x60, 0xDD, 0x70}, "Apple"},
    {{0x60, 0xDD, 0x8E}, "Intel"},
    {{0x60, 0xDE, 0x18}, "Apple"},
    {{0x60, 0xE3, 0x27}, "TP-Link"},
    {{0x60, 0xE3, 0x2B}, "Intel"},
    {{0x60, 0xE3, 0xAC}, "LG"},
    {{0x60, 0xE8, 0x5B}, "Texas Instruments"},
    {{0x60, 0xF1, 0x89}, "Murata"},
    {{0x60, 0xF2, 0x62}, "Intel"},
    {{0x60, 0xF4, 0x45}, "Apple"},
    {{0x60, 0xF4, 0x94}, "Foxconn"},
    {{0x60, 0xF5, 0x49}, "Apple"},
    {{0x60, 0xF6, 0x77}, "Intel"},
    {{0x60, 0xF8, 0x1D}, "Apple"},
    {{0x60, 0xFA, 0xCD}, "Apple"},
    {{0x60, 0xFB, 0x42}, "Apple"},
    {{0x60, 0xFD, 0xA6}, "Apple"},
    {{0x60, 0xFE, 0xC5}, "Apple"},
    {{0x60, 0xFF, 0x12}, "Samsung"},
    {{0x60, 0xFF, 0x9E}, "AzureWave"},
    {{0x64, 0x03, 0x7F}, "Samsung"},
    {{0x64, 0x07, 0xF6}, "Samsung"},
    {{0x64, 0x09, 0x80}, "Xiaomi"},
    {{0x64, 0x0B, 0xD7}, "Apple"},
    {{0x64, 0x0C, 0x91}, "Apple"},
    {{0x64, 0x0D, 0x22}, "LG"},
    {{0x64, 0x11, 0xA4}, "Motorola"},
    {{0x64, 0x17, 0xCD}, "Samsung"},
    {{0x64, 0x1B, 0x2F}, "Samsung"},
    {{0x64, 0x1C, 0x10}, "Texas Instruments"},
    {{0x64, 0x1C, 0xAE}, "Samsung"},
    {{0x64, 0x1C, 0xB0}, "Samsung"},
    {{0x64, 0x20, 0x0C}, "Apple"},
    {{0x64, 0x27, 0x37}, "Foxconn"},
    {{0x64, 0x31, 0x35}, "Apple"},
    {{0x64, 0x32, 0xA8}, "Intel"},
    {{0x64, 0x33, 0xDB}, "Texas Instruments"},
    {{0x64, 0x41, 0xE6}, "Apple"},
    {{0x64, 0x48, 0x42}, "Apple"},
    {{0x64, 0x49, 0x7D}, "Intel"},
    {{0x64, 0x4A, 0x7D}, "Intel"},
    {{0x64, 0x4C, 0x36}, "Intel"},
    {{0x64, 0x56, 0x01}, "TP-Link"},
    {{0x64, 0x57, 0xBA}, "Intel"},
    {{0x64, 0x5A, 0x36}, "Apple"},
    {{0x64, 0x5A, 0xED}, "Apple"},
    {{0x64, 0x5D, 0x86}, "Intel"},
    {{0x64, 0x5D, 0xF4}, "Samsung"},
    {{0x64, 0x63, 0x06}, "Xiaomi"},
    {{0x64, 0x66, 0xB3}, "TP-Link"},
    {{0x64, 0x66, 0xD8}, "Samsung"},
    {{0x64, 0x69, 0x4E}, "Texas Instruments"},
    {{0x64, 0x6C, 0xB2}, "Samsung"},
    {{0x64, 0x6D, 0x2F}, "Apple"},
    {{0x64, 0x6E, 0x69}, "Liteon"},
    {{0x64, 0x6E, 0x97}, "TP-Link"},
    {{0x64, 0x6E, 0xE0}, "Intel"},
    {{0x64, 0x70, 0x02}, "TP-Link"},
    {{0x64, 0x70, 0x33}, "Apple"},
    {{0x64, 0x70, 0x60}, "Texas Instruments"},
    {{0x64, 0x76, 0xBA}, "Apple"},
    {{0x64, 0x77, 0x91}, "Samsung"},
    {{0x64, 0x79, 0xF0}, "Intel"},
    {{0x64, 0x7B, 0xCE}, "Samsung"},
    {{0x64, 0x7B, 0xD4}, "Texas Instruments"},
    {{0x64, 0x80, 0x99}, "Intel"},
    {{0x64, 0x89, 0x9A}, "LG"},
    {{0x64, 0x89, 0xF1}, "Samsung"},
    {{0x64, 0x8C, 0xBB}, "Texas Instruments"},
    {{0x64, 0x95, 0x6C}, "LG"},
    {{0x64, 0x97, 0x46}, "AzureWave"},
    {{0x64, 0x9A, 0xBE}, "Apple"},
    {{0x64, 0x9B, 0x8F}, "Texas Instruments"},
    {{0x64, 0x9C, 0x8E}, "Texas Instruments"},
    {{0x64, 0x9D, 0x38}, "Google"},
    {{0x64, 0xA2, 0x00}, "Xiaomi"},
    {{0x64, 0xA2, 0xF9}, "OnePlus"},
    {{0x64, 0xA3, 0xCB}, "Apple"},
    {{0x64, 0xA5, 0xC3}, "Apple"},
    {{0x64, 0xAC, 0xE0}, "Samsung"},
    {{0x64, 0xB0, 0xA6}, "Apple"},
    {{0x64, 0xB3, 0x10}, "Samsung"},
    {{0x64, 0xB4, 0x73}, "Xiaomi"},
    {{0x64, 0xB5, 0xF2}, "Samsung"},
    {{0x64, 0xB7, 0x08}, "Espressif"},
    {{0x64, 0xB8, 0x53}, "Samsung"},
    {{0x64, 0xB9, 0xE8}, "Apple"},
    {{0x64, 0xBC, 0x0C}, "LG"},
    {{0x64, 0xBC, 0x58}, "Intel"},
    {{0x64, 0xBD, 0x6D}, "Apple"},
    {{0x64, 0xC2, 0xDE}, "LG"},
    {{0x64, 0xC7, 0x53}, "Apple"},
    {{0x64, 0xC9, 0x05}, "Apple"},
    {{0x64, 0xCC, 0x2E}, "Xiaomi"},
    {{0x64, 0xCD, 0xC2}, "Amazon"},
    {{0x64, 0xCF, 0xD9}, "Texas Instruments"},
    {{0x64, 0xD0, 0xD6}, "Samsung"},
    {{0x64, 0xD2, 0xC4}, "Apple"},
    {{0x64, 0xD4, 0xDA}, "Intel"},
    {{0x64, 0xD6, 0x9A}, "Intel"},
    {{0x64, 0xDD, 0xE9}, "Xiaomi"},
    {{0x64, 0xDE, 0x6D}, "Intel"},
    {{0x64, 0xE4, 0xA5}, "LG"},
    {{0x64, 0xE6, 0x82}, "Apple"},
    {{0x64, 0xE7, 0xD8}, "Samsung"},
    {{0x64, 0xE8, 0x33}, "Espressif"},
    {{0x68, 0x05, 0x71}, "Samsung"},
    {{0x68, 0x05, 0xCA}, "Intel"},
    {{0x68, 0x07, 0x15}, "Intel"},
    {{0x68, 0x09, 0x27}, "Apple"},
    {{0x68, 0x09, 0x47}, "Espressif"},
    {{0x68, 0x13, 0xF3}, "Amazon"},
    {{0x68, 0x14, 0x01}, "Foxconn"},
    {{0x68, 0x17, 0x29}, "Intel"},
    {{0x68, 0x1A, 0x47}, "Apple"},
    {{0x68, 0x23, 0xB0}, "Texas Instruments"},
    {{0x68, 0x25, 0xDD}, "Espressif"},
    {{0x68, 0x27, 0x37}, "Samsung"},
    {{0x68, 0x28, 0x6C}, "Sony"},
    {{0x68, 0x2F, 0x67}, "Apple"},
    {{0x68, 0x30, 0x36}, "Apple"},
    {{0x68, 0x34, 0x21}, "Intel"},
    {{0x68, 0x37, 0xE9}, "Amazon"},
    {{0x68, 0x3E, 0x26}, "Intel"},
    {{0x68, 0x3E, 0xC0}, "Apple"},
    {{0x68, 0x44, 0x06}, "Texas Instruments"},
    {{0x68, 0x44, 0x65}, "Apple"},
    {{0x68, 0x45, 0xCC}, "Apple"},
    {{0x68, 0x47, 0x49}, "Texas Instruments"},
    {{0x68, 0x48, 0x98}, "Samsung"},
    {{0x68, 0x4A, 0x5F}, "Apple"},
    {{0x68, 0x4A, 0xE9}, "Samsung"},
    {{0x68, 0x4D, 0xB6}, "Xiaomi"},
    {{0x68, 0x54, 0x5A}, "Intel"},
    {{0x68, 0x54, 0xFD}, "Amazon"},
    {{0x68, 0x5A, 0xCF}, "Samsung"},
    {{0x68, 0x5B, 0x35}, "Apple"},
    {{0x68, 0x5D, 0x43}, "Intel"},
    {{0x68, 0x5E, 0x1C}, "Texas Instruments"},
    {{0x68, 0x5E, 0xDD}, "Apple"},
    {{0x68, 0x64, 0x4B}, "Apple"},
    {{0x68, 0x67, 0x25}, "Espressif"},
    {{0x68, 0x6C, 0xE6}, "Microsoft"},
    {{0x68, 0x72, 0xC3}, "Samsung"},
    {{0x68, 0x76, 0x4F}, "Sony"},
    {{0x68, 0x77, 0x24}, "TP-Link"},
    {{0x68, 0x7A, 0x64}, "Intel"},
    {{0x68, 0x7D, 0x6B}, "Samsung"},
    {{0x68, 0x7F, 0xF0}, "TP-Link"},
    {{0x68, 0x83, 0xCB}, "Apple"},
    {{0x68, 0x87, 0x1C}, "Motorola"},
    {{0x68, 0x92, 0x68}, "Motorola"},
    {{0x68, 0x94, 0x23}, "Foxconn"},
    {{0x68, 0x96, 0x7B}, "Apple"},
    {{0x68, 0x9A, 0x87}, "Amazon"},
    {{0x68, 0x9C, 0x70}, "Apple"},
    {{0x68, 0x9E, 0x19}, "Texas Instruments"},
    {{0x68, 0x9F, 0xD4}, "Amazon"},
    {{0x68, 0xA3, 0xC4}, "Liteon"},
    {{0x68, 0xA5, 0x93}, "Apple"},
    {{0x68, 0xA7, 0x29}, "Apple"},
    {{0x68, 0xA8, 0x6D}, "Apple"},
    {{0x68, 0xAB, 0x1E}, "Apple"},
    {{0x68, 0xAE, 0x20}, "Apple"},
    {{0x68, 0xB6, 0x91}, "Amazon"},
    {{0x68, 0xB6, 0xB3}, "Espressif"},
    {{0x68, 0xBF, 0xC4}, "Samsung"},
    {{0x68, 0xC4, 0x4C}, "Xiaomi"},
    {{0x68, 0xC4, 0x4D}, "Motorola"},
    {{0x68, 0xC6, 0x3A}, "Espressif"},
    {{0x68, 0xC6, 0xAC}, "Intel"},
    {{0x68, 0xC9, 0x0B}, "Texas Instruments"},
    {{0x68, 0xCA, 0xC4}, "Apple"},
    {{0x68, 0xD9, 0x3C}, "Apple"},
    {{0x68, 0xDB, 0xCA}, "Apple"},
    {{0x68, 0xDB, 0xF5}, "Amazon"},
    {{0x68, 0xDD, 0xB7}, "TP-Link"},
    {{0x68, 0xDF, 0xDD}, "Xiaomi"},
    {{0x68, 0xDF, 0xE4}, "Samsung"},
    {{0x68, 0xE5, 0x80}, "Apple"},
    {{0x68, 0xE7, 0x4A}, "Texas Instruments"},
    {{0x68, 0xE7, 0xC2}, "Samsung"},
    {{0x68, 0xEB, 0xAE}, "Samsung"},
    {{0x68, 0xEC, 0xC5}, "Intel"},
    {{0x68, 0xEE, 0x8F}, "Espressif"},
    {{0x68, 0xEF, 0x43}, "Apple"},
    {{0x68, 0xEF, 0xDC}, "Apple"},
    {{0x68, 0xF6, 0x3B}, "Amazon"},
    {{0x68, 0xF7, 0xD8}, "Microsoft"},
    {{0x68, 0xF9, 0x0F}, "Intel"},
    {{0x68, 0xFB, 0x7E}, "Apple"},
    {{0x68, 0xFC, 0xCA}, "Samsung"},
    {{0x68, 0xFE, 0x71}, "Espressif"},
    {{0x68, 0xFE, 0xF7}, "Apple"},
    {{0x68, 0xFF, 0x7B}, "TP-Link"},
    {{0x6C, 0x00, 0x6B}, "Samsung"},
    {{0x6C, 0x0C, 0x9A}, "Amazon"},
    {{0x6C, 0x0E, 0x0D}, "Sony"},
    {{0x6C, 0x12, 0x70}, "Apple"},
    {{0x6C, 0x15, 0x44}, "Microsoft"},
    {{0x6C, 0x19, 0xC0}, "Apple"},
    {{0x6C, 0x1A, 0xEA}, "Texas Instruments"},
    {{0x6C, 0x1F, 0x8A}, "Apple"},
    {{0x6C, 0x21, 0xA2}, "AmpAK"},
    {{0x6C, 0x23, 0xB9}, "Sony"},
    {{0x6C, 0x24, 0x83}, "Microsoft"},
    {{0x6C, 0x27, 0x79}, "Microsoft"},
    {{0x6C, 0x29, 0x95}, "Intel"},
    {{0x6C, 0x2F, 0x2C}, "Samsung"},
    {{0x6C, 0x2F, 0x80}, "Intel"},
    {{0x6C, 0x2F, 0x8A}, "Samsung"},
    {{0x6C, 0x30, 0x2A}, "Texas Instruments"},
    {{0x6C, 0x3A, 0xFF}, "Apple"},
    {{0x6C, 0x3E, 0x6D}, "Apple"},
    {{0x6C, 0x40, 0x08}, "Apple"},
    {{0x6C, 0x48, 0x3F}, "Xiaomi"},
    {{0x6C, 0x4A, 0x85}, "Apple"},
    {{0x6C, 0x4B, 0x90}, "Liteon"},
    {{0x6C, 0x4C, 0xBC}, "TP-Link"},
    {{0x6C, 0x4C, 0xE2}, "Intel"},
    {{0x6C, 0x4D, 0x73}, "Apple"},
    {{0x6C, 0x55, 0x63}, "Samsung"},
    {{0x6C, 0x55, 0xB1}, "Amazon"},
    {{0x6C, 0x56, 0x97}, "Amazon"},
    {{0x6C, 0x5A, 0xB0}, "TP-Link"},
    {{0x6C, 0x5D, 0x3A}, "Microsoft"},
    {{0x6C, 0x60, 0x16}, "OnePlus"},
    {{0x6C, 0x68, 0x8A}, "Amazon"},
    {{0x6C, 0x6A, 0x77}, "Intel"},
    {{0x6C, 0x70, 0x9F}, "Apple"},
    {{0x6C, 0x70, 0xCB}, "Samsung"},
    {{0x6C, 0x71, 0xD9}, "AzureWave"},
    {{0x6C, 0x72, 0xE7}, "Apple"},
    {{0x6C, 0x79, 0xB8}, "Texas Instruments"},
    {{0x6C, 0x7E, 0x67}, "Apple"},
    {{0x6C, 0x83, 0x36}, "Samsung"},
    {{0x6C, 0x88, 0x14}, "Intel"},
    {{0x6C, 0x8D, 0xC1}, "Apple"},
    {{0x6C, 0x8F, 0xB5}, "Microsoft"},
    {{0x6C, 0x94, 0x66}, "Intel"},
    {{0x6C, 0x94, 0xF8}, "Apple"},
    {{0x6C, 0x96, 0xCF}, "Apple"},
    {{0x6C, 0x97, 0x6D}, "Motorola"},
    {{0x6C, 0x99, 0x9D}, "Amazon"},
    {{0x6C, 0xA1, 0x00}, "Intel"},
    {{0x6C, 0xAB, 0x31}, "Apple"},
    {{0x6C, 0xAC, 0xC2}, "Samsung"},
    {{0x6C, 0xAD, 0xF8}, "AzureWave"},
    {{0x6C, 0xB1, 0x33}, "Apple"},
    {{0x6C, 0xB1, 0x58}, "TP-Link"},
    {{0x6C, 0xB2, 0x27}, "Sony"},
    {{0x6C, 0xB2, 0xFD}, "Texas Instruments"},
    {{0x6C, 0xB4, 0x56}, "Espressif"},
    {{0x6C, 0xB7, 0xF4}, "Samsung"},
    {{0x6C, 0xC2, 0x6B}, "Apple"},
    {{0x6C, 0xC3, 0x74}, "Texas Instruments"},
    {{0x6C, 0xC7, 0xEC}, "Samsung"},
    {{0x6C, 0xC8, 0x40}, "Espressif"},
    {{0x6C, 0xD0, 0x32}, "LG"},
    {{0x6C, 0xD6, 0x8A}, "LG"},
    {{0x6C, 0xDD, 0xBC}, "Samsung"},
    {{0x6C, 0xE5, 0xC9}, "Apple"},
    {{0x6C, 0xE8, 0x5C}, "Apple"},
    {{0x6C, 0xE8, 0x73}, "TP-Link"},
    {{0x6C, 0xEC, 0x5A}, "Foxconn"},
    {{0x6C, 0xEC, 0xEB}, "Texas Instruments"},
    {{0x6C, 0xF3, 0x73}, "Samsung"},
    {{0x6C, 0xF6, 0xDA}, "Intel"},
    {{0x6C, 0xF7, 0x84}, "Xiaomi"},
    {{0x6C, 0xFA, 0xA7}, "AmpAK"},
    {{0x6C, 0xFE, 0x54}, "Intel"},
    {{0x70, 0x03, 0x9F}, "Espressif"},
    {{0x70, 0x04, 0x1D}, "Espressif"},
    {{0x70, 0x05, 0x14}, "LG"},
    {{0x70, 0x08, 0x10}, "Intel"},
    {{0x70, 0x08, 0x94}, "Liteon"},
    {{0x70, 0x09, 0x71}, "Samsung"},
    {{0x70, 0x11, 0x24}, "Apple"},
    {{0x70, 0x13, 0x84}, "Apple"},
    {{0x70, 0x14, 0xA6}, "Apple"},
    {{0x70, 0x15, 0xFB}, "Intel"},
    {{0x70, 0x18, 0x8B}, "Foxconn"},
    {{0x70, 0x1A, 0x04}, "Liteon"},
    {{0x70, 0x1A, 0xB8}, "Intel"},
    {{0x70, 0x1C, 0xE7}, "Intel"},
    {{0x70, 0x1F, 0x3C}, "Samsung"},
    {{0x70, 0x20, 0x84}, "Foxconn"},
    {{0x70, 0x21, 0x7F}, "Xiaomi"},
    {{0x70, 0x22, 0xFE}, "Apple"},
    {{0x70, 0x26, 0x05}, "Sony"},
    {{0x70, 0x28, 0x7D}, "Google"},
    {{0x70, 0x28, 0x8B}, "Samsung"},
    {{0x70, 0x2A, 0xD5}, "Samsung"},
    {{0x70, 0x31, 0x7F}, "Apple"},
    {{0x70, 0x32, 0x17}, "Intel"},
    {{0x70, 0x3A, 0x51}, "Xiaomi"},
    {{0x70, 0x3A, 0xCB}, "Google"},
    {{0x70, 0x3C, 0x69}, "Apple"},
    {{0x70, 0x3E, 0xAC}, "Apple"},
    {{0x70, 0x48, 0x0F}, "Apple"},
    {{0x70, 0x4A, 0x0E}, "AmpAK"},
    {{0x70, 0x4B, 0xCA}, "Espressif"},
    {{0x70, 0x4C, 0xA2}, "Apple"},
    {{0x70, 0x4D, 0x7B}, "ASUS"},
    {{0x70, 0x4E, 0xE0}, "Samsung"},
    {{0x70, 0x4F, 0x57}, "TP-Link"},
    {{0x70, 0x56, 0x81}, "Apple"},
    {{0x70, 0x5A, 0xAC}, "Samsung"},
    {{0x70, 0x5F, 0xA3}, "Xiaomi"},
    {{0x70, 0x62, 0xCB}, "Apple"},
    {{0x70, 0x66, 0x2A}, "Sony"},
    {{0x70, 0x66, 0x55}, "AzureWave"},
    {{0x70, 0x70, 0x0D}, "Apple"},
    {{0x70, 0x70, 0xAA}, "Amazon"},
    {{0x70, 0x72, 0xFE}, "Apple"},
    {{0x70, 0x73, 0xCB}, "Apple"},
    {{0x70, 0x74, 0x14}, "Murata"},
    {{0x70, 0x77, 0x81}, "Foxconn"},
    {{0x70, 0x81, 0xEB}, "Apple"},
    {{0x70, 0x86, 0xC1}, "Texas Instruments"},
    {{0x70, 0x87, 0xA7}, "Murata"},
    {{0x70, 0x8B, 0xCD}, "ASUS"},
    {{0x70, 0x8C, 0xF2}, "Apple"},
    {{0x70, 0x96, 0x84}, "Apple"},
    {{0x70, 0x9C, 0xD1}, "Intel"},
    {{0x70, 0x9E, 0x29}, "Sony"},
    {{0x70, 0xA0, 0x4B}, "Intel"},
    {{0x70, 0xA2, 0xB3}, "Apple"},
    {{0x70, 0xA6, 0xCC}, "Intel"},
    {{0x70, 0xA8, 0xA5}, "Microsoft"},
    {{0x70, 0xA8, 0xD3}, "Intel"},
    {{0x70, 0xAE, 0x2A}, "Apple"},
    {{0x70, 0xAE, 0xD5}, "Apple"},
    {{0x70, 0xAF, 0x09}, "Espressif"},
    {{0x70, 0xB1, 0x3D}, "Samsung"},
    {{0x70, 0xB3, 0x06}, "Apple"},
    {{0x70, 0xB8, 0xF6}, "Espressif"},
    {{0x70, 0xB9, 0x50}, "Texas Instruments"},
    {{0x70, 0xBB, 0x5B}, "Apple"},
    {{0x70, 0xBB, 0xE9}, "Xiaomi"},
    {{0x70, 0xBC, 0x10}, "Microsoft"},
    {{0x70, 0xC2, 0x88}, "Intel"},
    {{0x70, 0xC9, 0x4E}, "Liteon"},
    {{0x70, 0xCD, 0x0D}, "Intel"},
    {{0x70, 0xCD, 0x60}, "Apple"},
    {{0x70, 0xCE, 0x8C}, "Samsung"},
    {{0x70, 0xCF, 0x49}, "Intel"},
    {{0x70, 0xD8, 0x23}, "Intel"},
    {{0x70, 0xD8, 0xC2}, "Intel"},
    {{0x70, 0xDE, 0xE2}, "Apple"},
    {{0x70, 0xE5, 0x6E}, "Texas Instruments"},
    {{0x70, 0xE7, 0x2C}, "Apple"},
    {{0x70, 0xEA, 0x5A}, "Apple"},
    {{0x70, 0xEC, 0xE4}, "Apple"},
    {{0x70, 0xEF, 0x00}, "Apple"},
    {{0x70, 0xF0, 0x87}, "Apple"},
    {{0x70, 0xF1, 0xA1}, "Liteon"},
    {{0x70, 0xF7, 0x54}, "AmpAK"},
    {{0x70, 0xF8, 0xAE}, "Microsoft"},
    {{0x70, 0xF9, 0x27}, "Samsung"},
    {{0x70, 0xF9, 0x4A}, "Apple"},
    {{0x70, 0xFD, 0x46}, "Samsung"},
    {{0x70, 0xFF, 0x76}, "Texas Instruments"},
    {{0x74, 0x02, 0xE1}, "Texas Instruments"},
    {{0x74, 0x04, 0xF1}, "Intel"},
    {{0x74, 0x05, 0xA5}, "TP-Link"},
    {{0x74, 0x0E, 0xA4}, "Apple"},
    {{0x74, 0x13, 0x6A}, "Motorola"},
    {{0x74, 0x13, 0xEA}, "Intel"},
    {{0x74, 0x14, 0xD0}, "Apple"},
    {{0x74, 0x15, 0x75}, "Xiaomi"},
    {{0x74, 0x15, 0xF5}, "Apple"},
    {{0x74, 0x19, 0x0A}, "Samsung"},
    {{0x74, 0x1B, 0xB2}, "Apple"},
    {{0x74, 0x1E, 0xB1}, "Samsung"},
    {{0x74, 0x23, 0x44}, "Xiaomi"},
    {{0x74, 0x29, 0x17}, "Apple"},
    {{0x74, 0x29, 0x59}, "Apple"},
    {{0x74, 0x29, 0x81}, "Texas Instruments"},
    {{0x74, 0x29, 0xAF}, "Foxconn"},
    {{0x74, 0x2F, 0x68}, "AzureWave"},
    {{0x74, 0x31, 0x74}, "Apple"},
    {{0x74, 0x38, 0x22}, "Xiaomi"},
    {{0x74, 0x39, 0x89}, "TP-Link"},
    {{0x74, 0x3A, 0xF4}, "Intel"},
    {{0x74, 0x3F, 0x8E}, "Apple"},
    {{0x74, 0x40, 0xBB}, "Foxconn"},
    {{0x74, 0x42, 0x18}, "Apple"},
    {{0x74, 0x42, 0x8B}, "Apple"},
    {{0x74, 0x45, 0x8A}, "Samsung"},
    {{0x74, 0x46, 0xB3}, "Texas Instruments"},
    {{0x74, 0x4C, 0xA1}, "Liteon"},
    {{0x74, 0x4D, 0xBD}, "Espressif"},
    {{0x74, 0x51, 0xBA}, "Xiaomi"},
    {{0x74, 0x58, 0xF3}, "Amazon"},
    {{0x74, 0x5F, 0x00}, "Samsung"},
    {{0x74, 0x65, 0x0C}, "Apple"},
    {{0x74, 0x6A, 0x84}, "Texas Instruments"},
    {{0x74, 0x6D, 0xFA}, "Samsung"},
    {{0x74, 0x70, 0xFD}, "Intel"},
    {{0x74, 0x71, 0x8B}, "Apple"},
    {{0x74, 0x73, 0xB4}, "Apple"},
    {{0x74, 0x74, 0x46}, "Google"},
    {{0x74, 0x75, 0x48}, "Amazon"},
    {{0x74, 0x76, 0x1F}, "Microsoft"},
    {{0x74, 0x77, 0x86}, "Apple"},
    {{0x74, 0x7A, 0x90}, "Murata"},
    {{0x74, 0x81, 0x14}, "Apple"},
    {{0x74, 0x8B, 0x23}, "Samsung"},
    {{0x74, 0x8D, 0x08}, "Apple"},
    {{0x74, 0x8F, 0x3C}, "Apple"},
    {{0x74, 0x9E, 0xAF}, "Apple"},
    {{0x74, 0x9E, 0xF5}, "Samsung"},
    {{0x74, 0xA5, 0x8C}, "Texas Instruments"},
    {{0x74, 0xA6, 0xCD}, "Apple"},
    {{0x74, 0xA7, 0x22}, "LG"},
    {{0x74, 0xA7, 0xEA}, "Amazon"},
    {{0x74, 0xB0, 0x59}, "Motorola"},
    {{0x74, 0xB5, 0x87}, "Apple"},
    {{0x74, 0xB8, 0x39}, "Texas Instruments"},
    {{0x74, 0xBE, 0xF3}, "Motorola"},
    {{0x74, 0xC1, 0x7E}, "LG"},
    {{0x74, 0xC2, 0x46}, "Amazon"},
    {{0x74, 0xC4, 0x12}, "Microsoft"},
    {{0x74, 0xC6, 0x3B}, "AzureWave"},
    {{0x74, 0xCC, 0x40}, "Apple"},
    {{0x74, 0xD0, 0x2B}, "ASUS"},
    {{0x74, 0xD2, 0x85}, "Texas Instruments"},
    {{0x74, 0xD4, 0x23}, "Amazon"},
    {{0x74, 0xD6, 0x37}, "Amazon"},
    {{0x74, 0xD6, 0xEA}, "Texas Instruments"},
    {{0x74, 0xD8, 0x09}, "Microsoft"},
    {{0x74, 0xD8, 0x3E}, "Intel"},
    {{0x74, 0xDA, 0x88}, "TP-Link"},
    {{0x74, 0xDA, 0xEA}, "Texas Instruments"},
    {{0x74, 0xDE, 0x2B}, "Liteon"},
    {{0x74, 0xDF, 0xBF}, "Liteon"},
    {{0x74, 0xE1, 0x82}, "Texas Instruments"},
    {{0x74, 0xE1, 0xB6}, "Apple"},
    {{0x74, 0xE2, 0x0C}, "Amazon"},
    {{0x74, 0xE2, 0x8C}, "Microsoft"},
    {{0x74, 0xE2, 0xF5}, "Apple"},
    {{0x74, 0xE5, 0x0B}, "Intel"},
    {{0x74, 0xE5, 0x43}, "Liteon"},
    {{0x74, 0xE5, 0xF9}, "Intel"},
    {{0x74, 0xE6, 0xB8}, "LG"},
    {{0x74, 0xE9, 0x87}, "Apple"},
    {{0x74, 0xEA, 0x3A}, "TP-Link"},
    {{0x74, 0xEB, 0x80}, "Samsung"},
    {{0x74, 0xEC, 0xB2}, "Amazon"},
    {{0x74, 0xF0, 0x6D}, "AzureWave"},
    {{0x74, 0xF2, 0xFA}, "Xiaomi"},
    {{0x74, 0xF4, 0x41}, "Samsung"},
    {{0x74, 0xF6, 0x7A}, "Samsung"},
    {{0x74, 0xFE, 0xCE}, "TP-Link"},
    {{0x78, 0x00, 0x9E}, "Samsung"},
    {{0x78, 0x02, 0x8B}, "Apple"},
    {{0x78, 0x02, 0xF8}, "Xiaomi"},
    {{0x78, 0x04, 0x73}, "Texas Instruments"},
    {{0x78, 0x0C, 0xB8}, "Intel"},
    {{0x78, 0x11, 0xDC}, "Xiaomi"},
    {{0x78, 0x18, 0x81}, "AzureWave"},
    {{0x78, 0x1C, 0x3C}, "Espressif"},
    {{0x78, 0x1F, 0xDB}, "Samsung"},
    {{0x78, 0x20, 0x51}, "TP-Link"},
    {{0x78, 0x21, 0x84}, "Espressif"},
    {{0x78, 0x23, 0x27}, "Samsung"},
    {{0x78, 0x24, 0xAF}, "ASUS"},
    {{0x78, 0x25, 0xAD}, "Samsung"},
    {{0x78, 0x2B, 0x46}, "Intel"},
    {{0x78, 0x31, 0xC1}, "Apple"},
    {{0x78, 0x33, 0xC6}, "Samsung"},
    {{0x78, 0x37, 0x16}, "Samsung"},
    {{0x78, 0x3A, 0x84}, "Apple"},
    {{0x78, 0x3F, 0x4D}, "Apple"},
    {{0x78, 0x40, 0xE4}, "Samsung"},
    {{0x78, 0x42, 0x1C}, "Espressif"},
    {{0x78, 0x44, 0xFD}, "TP-Link"},
    {{0x78, 0x46, 0xD4}, "Samsung"},
    {{0x78, 0x47, 0x1D}, "Samsung"},
    {{0x78, 0x4B, 0x87}, "Murata"},
    {{0x78, 0x4F, 0x43}, "Apple"},
    {{0x78, 0x52, 0x1A}, "Samsung"},
    {{0x78, 0x59, 0x5E}, "Samsung"},
    {{0x78, 0x59, 0x68}, "Foxconn"},
    {{0x78, 0x5D, 0xC8}, "LG"},
    {{0x78, 0x5E, 0xCC}, "Apple"},
    {{0x78, 0x60, 0x5B}, "TP-Link"},
    {{0x78, 0x60, 0x89}, "Samsung"},
    {{0x78, 0x64, 0xC0}, "Apple"},
    {{0x78, 0x67, 0xD7}, "Apple"},
    {{0x78, 0x6C, 0x1C}, "Apple"},
    {{0x78, 0x6C, 0x84}, "Amazon"},
    {{0x78, 0x75, 0x3E}, "Apple"},
    {{0x78, 0x78, 0x71}, "Texas Instruments"},
    {{0x78, 0x79, 0x84}, "Apple"},
    {{0x78, 0x7B, 0x8A}, "Apple"},
    {{0x78, 0x7E, 0x61}, "Apple"},
    {{0x78, 0x84, 0x3C}, "Sony"},
    {{0x78, 0x86, 0x2E}, "Microsoft"},
    {{0x78, 0x88, 0x6D}, "Apple"},
    {{0x78, 0x8C, 0xB5}, "TP-Link"},
    {{0x78, 0x92, 0x9C}, "Intel"},
    {{0x78, 0x96, 0x0D}, "Apple"},
    {{0x78, 0x99, 0x87}, "Xiaomi"},
    {{0x78, 0x9E, 0xD0}, "Samsung"},
    {{0x78, 0x9F, 0x70}, "Apple"},
    {{0x78, 0xA0, 0x3F}, "Amazon"},
    {{0x78, 0xA1, 0x06}, "TP-Link"},
    {{0x78, 0xA3, 0xE4}, "Apple"},
    {{0x78, 0xA5, 0x04}, "Texas Instruments"},
    {{0x78, 0xA7, 0xC7}, "Apple"},
    {{0x78, 0xA8, 0x73}, "Samsung"},
    {{0x78, 0xAB, 0xBB}, "Samsung"},
    {{0x78, 0xAF, 0x08}, "Intel"},
    {{0x78, 0xB6, 0xFE}, "Samsung"},
    {{0x78, 0xBD, 0xBC}, "Samsung"},
    {{0x78, 0xC1, 0x1D}, "Samsung"},
    {{0x78, 0xC3, 0xE9}, "Samsung"},
    {{0x78, 0xC5, 0xE5}, "Texas Instruments"},
    {{0x78, 0xC8, 0x81}, "Sony"},
    {{0x78, 0xCA, 0x39}, "Apple"},
    {{0x78, 0xCD, 0x55}, "Texas Instruments"},
    {{0x78, 0xD1, 0x62}, "Apple"},
    {{0x78, 0xD6, 0xF0}, "Samsung"},
    {{0x78, 0xD7, 0x5F}, "Apple"},
    {{0x78, 0xD8, 0x40}, "Xiaomi"},
    {{0x78, 0xDB, 0x2F}, "Texas Instruments"},
    {{0x78, 0xDD, 0x08}, "Foxconn"},
    {{0x78, 0xDE, 0xE4}, "Texas Instruments"},
    {{0x78, 0xE0, 0xC5}, "Samsung"},
    {{0x78, 0xE1, 0x03}, "Amazon"},
    {{0x78, 0xE3, 0x6D}, "Espressif"},
    {{0x78, 0xE3, 0xDE}, "Apple"},
    {{0x78, 0xE4, 0x00}, "Foxconn"},
    {{0x78, 0xED, 0xBC}, "OnePlus"},
    {{0x78, 0xEE, 0x4C}, "Espressif"},
    {{0x78, 0xF2, 0x38}, "Samsung"},
    {{0x78, 0xF5, 0x05}, "Murata"},
    {{0x78, 0xF7, 0xBE}, "Samsung"},
    {{0x78, 0xF8, 0x82}, "LG"},
    {{0x78, 0xFB, 0xD8}, "Apple"},
    {{0x78, 0xFD, 0x94}, "Apple"},
    {{0x78, 0xFF, 0x57}, "Intel"},
    {{0x7C, 0x01, 0x0A}, "Texas Instruments"},
    {{0x7C, 0x01, 0x91}, "Apple"},
    {{0x7C, 0x03, 0x5E}, "Xiaomi"},
    {{0x7C, 0x03, 0xAB}, "Xiaomi"},
    {{0x7C, 0x04, 0xD0}, "Apple"},
    {{0x7C, 0x0A, 0x3F}, "Samsung"},
    {{0x7C, 0x0B, 0xC6}, "Samsung"},
    {{0x7C, 0x0C, 0x5F}, "Espressif"},
    {{0x7C, 0x10, 0xC9}, "ASUS"},
    {{0x7C, 0x11, 0xBE}, "Apple"},
    {{0x7C, 0x1C, 0x68}, "Samsung"},
    {{0x7C, 0x1D, 0xD9}, "Xiaomi"},
    {{0x7C, 0x1E, 0x52}, "Microsoft"},
    {{0x7C, 0x21, 0x4A}, "Intel"},
    {{0x7C, 0x23, 0x02}, "Samsung"},
    {{0x7C, 0x24, 0x99}, "Apple"},
    {{0x7C, 0x29, 0x6F}, "Apple"},
    {{0x7C, 0x2A, 0x31}, "Intel"},
    {{0x7C, 0x2A, 0xCA}, "Apple"},
    {{0x7C, 0x2A, 0xDB}, "Xiaomi"},
    {{0x7C, 0x2C, 0x67}, "Espressif"},
    {{0x7C, 0x2E, 0xBD}, "Google"},
    {{0x7C, 0x2E, 0xDD}, "Samsung"},
    {{0x7C, 0x38, 0x66}, "Texas Instruments"},
    {{0x7C, 0x38, 0xAD}, "Samsung"},
    {{0x7C, 0x3B, 0x2D}, "Apple"},
    {{0x7C, 0x49, 0xEB}, "Xiaomi"},
    {{0x7C, 0x4B, 0x26}, "Apple"},
    {{0x7C, 0x4F, 0xAD}, "Espressif"},
    {{0x7C, 0x4F, 0xCD}, "Apple"},
    {{0x7C, 0x50, 0x49}, "Apple"},
    {{0x7C, 0x50, 0x79}, "Intel"},
    {{0x7C, 0x5C, 0xF8}, "Intel"},
    {{0x7C, 0x61, 0x30}, "Apple"},
    {{0x7C, 0x61, 0x66}, "Amazon"},
    {{0x7C, 0x63, 0x05}, "Amazon"},
    {{0x7C, 0x64, 0x56}, "Samsung"},
    {{0x7C, 0x64, 0x6C}, "LG"},
    {{0x7C, 0x66, 0x9D}, "Texas Instruments"},
    {{0x7C, 0x66, 0xEF}, "Foxconn"},
    {{0x7C, 0x67, 0xA2}, "Intel"},
    {{0x7C, 0x6D, 0x12}, "Microsoft"},
    {{0x7C, 0x6D, 0x62}, "Apple"},
    {{0x7C, 0x6D, 0xF8}, "Apple"},
    {{0x7C, 0x70, 0xDB}, "Intel"},
    {{0x7C, 0x72, 0xE7}, "Texas Instruments"},
    {{0x7C, 0x73, 0x98}, "Espressif"},
    {{0x7C, 0x75, 0x2D}, "Samsung"},
    {{0x7C, 0x76, 0x35}, "Intel"},
    {{0x7C, 0x78, 0x7E}, "Samsung"},
    {{0x7C, 0x7A, 0x91}, "Intel"},
    {{0x7C, 0x7B, 0x1C}, "Motorola"},
    {{0x7C, 0x7B, 0xBF}, "Samsung"},
    {{0x7C, 0x87, 0xCE}, "Espressif"},
    {{0x7C, 0x89, 0x56}, "Samsung"},
    {{0x7C, 0x8B, 0xB5}, "Samsung"},
    {{0x7C, 0x8B, 0xCA}, "TP-Link"},
    {{0x7C, 0x8E, 0xE4}, "Texas Instruments"},
    {{0x7C, 0x91, 0x22}, "Samsung"},
    {{0x7C, 0x9A, 0x1D}, "Apple"},
    {{0x7C, 0x9E, 0xBD}, "Espressif"},
    {{0x7C, 0xA0, 0x5E}, "Motorola"},
    {{0x7C, 0xA1, 0xAE}, "Apple"},
    {{0x7C, 0xA4, 0x49}, "Xiaomi"},
    {{0x7C, 0xA5, 0x3E}, "Motorola"},
    {{0x7C, 0xAB, 0x60}, "Apple"},
    {{0x7C, 0xB0, 0xC2}, "Intel"},
    {{0x7C, 0xB2, 0x7D}, "Intel"},
    {{0x7C, 0xB5, 0x66}, "Intel"},
    {{0x7C, 0xB5, 0x9B}, "TP-Link"},
    {{0x7C, 0xB8, 0xDA}, "Murata"},
    {{0x7C, 0xC0, 0x6F}, "Apple"},
    {{0x7C, 0xC0, 0xAA}, "Microsoft"},
    {{0x7C, 0xC1, 0x80}, "Apple"},
    {{0x7C, 0xC2, 0x25}, "Samsung"},
    {{0x7C, 0xC2, 0xC6}, "TP-Link"},
    {{0x7C, 0xC3, 0xA1}, "Apple"},
    {{0x7C, 0xC5, 0x37}, "Apple"},
    {{0x7C, 0xC8, 0xDF}, "Apple"},
    {{0x7C, 0xCC, 0xB8}, "Intel"},
    {{0x7C, 0xD1, 0xAD}, "Apple"},
    {{0x7C, 0xD1, 0xC3}, "Apple"},
    {{0x7C, 0xD2, 0xDA}, "Apple"},
    {{0x7C, 0xD5, 0x66}, "Amazon"},
    {{0x7C, 0xD6, 0x2C}, "Apple"},
    {{0x7C, 0xD6, 0x61}, "Xiaomi"},
    {{0x7C, 0xD9, 0x5C}, "Google"},
    {{0x7C, 0xDF, 0xA1}, "Espressif"},
    {{0x7C, 0xE2, 0x69}, "Texas Instruments"},
    {{0x7C, 0xE8, 0xB1}, "Espressif"},
    {{0x7C, 0xE9, 0xD3}, "Foxconn"},
    {{0x7C, 0xEC, 0x79}, "Texas Instruments"},
    {{0x7C, 0xEC, 0xB1}, "Apple"},
    {{0x7C, 0xED, 0x8D}, "Microsoft"},
    {{0x7C, 0xED, 0xC6}, "Amazon"},
    {{0x7C, 0xF0, 0x5F}, "Apple"},
    {{0x7C, 0xF0, 0xE5}, "OnePlus"},
    {{0x7C, 0xF1, 0x7E}, "TP-Link"},
    {{0x7C, 0xF3, 0x1B}, "LG"},
    {{0x7C, 0xF3, 0x4D}, "Apple"},
    {{0x7C, 0xF8, 0x54}, "Samsung"},
    {{0x7C, 0xF9, 0x0E}, "Samsung"},
    {{0x7C, 0xFA, 0xDF}, "Apple"},
    {{0x7C, 0xFC, 0x16}, "Apple"},
    {{0x7C, 0xFD, 0x6B}, "Xiaomi"},
    {{0x80, 0x00, 0x0B}, "Intel"},
    {{0x80, 0x00, 0x6E}, "Apple"},
    {{0x80, 0x04, 0x5F}, "Apple"},
    {{0x80, 0x07, 0x94}, "Samsung"},
    {{0x80, 0x0C, 0x67}, "Apple"},
    {{0x80, 0x0C, 0xF9}, "Amazon"},
    {{0x80, 0x0D, 0x3F}, "Samsung"},
    {{0x80, 0x12, 0x42}, "Apple"},
    {{0x80, 0x13, 0x16}, "Intel"},
    {{0x80, 0x18, 0xA7}, "Samsung"},
    {{0x80, 0x19, 0x34}, "Intel"},
    {{0x80, 0x19, 0x70}, "Samsung"},
    {{0x80, 0x1D, 0x39}, "Apple"},
    {{0x80, 0x20, 0xFD}, "Samsung"},
    {{0x80, 0x2B, 0xF9}, "Foxconn"},
    {{0x80, 0x30, 0x49}, "Liteon"},
    {{0x80, 0x30, 0xDC}, "Texas Instruments"},
    {{0x80, 0x31, 0xF0}, "Samsung"},
    {{0x80, 0x32, 0x53}, "Intel"},
    {{0x80, 0x35, 0xC1}, "Xiaomi"},
    {{0x80, 0x38, 0xFB}, "Intel"},
    {{0x80, 0x39, 0x8C}, "Samsung"},
    {{0x80, 0x3C, 0x04}, "TP-Link"},
    {{0x80, 0x45, 0x6B}, "Espressif"},
    {{0x80, 0x45, 0xDD}, "Intel"},
    {{0x80, 0x47, 0x15}, "Apple"},
    {{0x80, 0x47, 0x86}, "Samsung"},
    {{0x80, 0x49, 0x71}, "Apple"},
    {{0x80, 0x4A, 0x14}, "Apple"},
    {{0x80, 0x4E, 0x70}, "Samsung"},
    {{0x80, 0x4E, 0x81}, "Samsung"},
    {{0x80, 0x54, 0x2D}, "Samsung"},
    {{0x80, 0x54, 0x9C}, "Samsung"},
    {{0x80, 0x54, 0xE3}, "Apple"},
    {{0x80, 0x56, 0xF2}, "Foxconn"},
    {{0x80, 0x57, 0x19}, "Samsung"},
    {{0x80, 0x58, 0xF8}, "Motorola"},
    {{0x80, 0x5A, 0x04}, "LG"},
    {{0x80, 0x5F, 0xC5}, "Apple"},
    {{0x80, 0x64, 0x6F}, "Espressif"},
    {{0x80, 0x65, 0x6D}, "Samsung"},
    {{0x80, 0x65, 0x7C}, "Apple"},
    {{0x80, 0x65, 0x99}, "Espressif"},
    {{0x80, 0x6C, 0x1B}, "Motorola"},
    {{0x80, 0x6D, 0x71}, "Amazon"},
    {{0x80, 0x6F, 0xB0}, "Texas Instruments"},
    {{0x80, 0x75, 0xBF}, "Samsung"},
    {{0x80, 0x7B, 0x3E}, "Samsung"},
    {{0x80, 0x7D, 0x3A}, "Espressif"},
    {{0x80, 0x82, 0x23}, "Apple"},
    {{0x80, 0x83, 0xF6}, "Apple"},
    {{0x80, 0x84, 0x89}, "Intel"},
    {{0x80, 0x86, 0xD9}, "Samsung"},
    {{0x80, 0x86, 0xF2}, "Intel"},
    {{0x80, 0x89, 0x17}, "TP-Link"},
    {{0x80, 0x8A, 0xBD}, "Samsung"},
    {{0x80, 0x8F, 0x1D}, "TP-Link"},
    {{0x80, 0x8F, 0x97}, "Xiaomi"},
    {{0x80, 0x91, 0x33}, "AzureWave"},
    {{0x80, 0x92, 0x9F}, "Apple"},
    {{0x80, 0x95, 0x3A}, "Apple"},
    {{0x80, 0x96, 0x98}, "Apple"},
    {{0x80, 0x96, 0xCA}, "Foxconn"},
    {{0x80, 0x99, 0x9B}, "Murata"},
    {{0x80, 0x99, 0xCF}, "Texas Instruments"},
    {{0x80, 0x99, 0xE7}, "Sony"},
    {{0x80, 0x9B, 0x20}, "Intel"},
    {{0x80, 0x9F, 0xF5}, "Samsung"},
    {{0x80, 0xA2, 0xFC}, "AzureWave"},
    {{0x80, 0xA5, 0x89}, "AzureWave"},
    {{0x80, 0xA6, 0x3C}, "Amazon"},
    {{0x80, 0xA9, 0x97}, "Apple"},
    {{0x80, 0xAD, 0x16}, "Xiaomi"},
    {{0x80, 0xAE, 0x54}, "TP-Link"},
    {{0x80, 0xAF, 0x19}, "Apple"},
    {{0x80, 0xB0, 0x3D}, "Apple"},
    {{0x80, 0xB5, 0x4E}, "Espressif"},
    {{0x80, 0xB6, 0x55}, "Intel"},
    {{0x80, 0xB9, 0x89}, "Apple"},
    {{0x80, 0xBE, 0x05}, "Apple"},
    {{0x80, 0xC0, 0x1E}, "Intel"},
    {{0x80, 0xC4, 0x1B}, "Texas Instruments"},
    {{0x80, 0xC5, 0xE6}, "Microsoft"},
    {{0x80, 0xC5, 0xF2}, "AzureWave"},
    {{0x80, 0xCE, 0xB9}, "Samsung"},
    {{0x80, 0xD1, 0xCE}, "Apple"},
    {{0x80, 0xD2, 0x1D}, "AzureWave"},
    {{0x80, 0xD6, 0x05}, "Apple"},
    {{0x80, 0xE4, 0xBA}, "Intel"},
    {{0x80, 0xE6, 0x3C}, "Xiaomi"},
    {{0x80, 0xE6, 0x50}, "Apple"},
    {{0x80, 0xEA, 0x07}, "TP-Link"},
    {{0x80, 0xEA, 0x96}, "Apple"},
    {{0x80, 0xED, 0x2C}, "Apple"},
    {{0x80, 0xF1, 0xB2}, "Espressif"},
    {{0x80, 0xF3, 0xDA}, "Espressif"},
    {{0x80, 0xF5, 0xB5}, "Texas Instruments"},
    {{0x84, 0x00, 0xD2}, "Sony"},
    {{0x84, 0x05, 0x11}, "Apple"},
    {{0x84, 0x08, 0x3A}, "Intel"},
    {{0x84, 0x0B, 0x2D}, "Samsung"},
    {{0x84, 0x0D, 0x8E}, "Espressif"},
    {{0x84, 0x0F, 0x4C}, "Apple"},
    {{0x84, 0x10, 0x0D}, "Motorola"},
    {{0x84, 0x11, 0x9E}, "Samsung"},
    {{0x84, 0x14, 0x4D}, "Intel"},
    {{0x84, 0x16, 0xF9}, "TP-Link"},
    {{0x84, 0x19, 0x85}, "Samsung"},
    {{0x84, 0x1B, 0x77}, "Intel"},
    {{0x84, 0x1F, 0xE8}, "Espressif"},
    {{0x84, 0x22, 0x89}, "Samsung"},
    {{0x84, 0x25, 0x19}, "Samsung"},
    {{0x84, 0x25, 0xDB}, "Samsung"},
    {{0x84, 0x28, 0x59}, "Amazon"},
    {{0x84, 0x29, 0x99}, "Apple"},
    {{0x84, 0x2E, 0x27}, "Samsung"},
    {{0x84, 0x2F, 0x57}, "Apple"},
    {{0x84, 0x30, 0x95}, "Foxconn"},
    {{0x84, 0x37, 0xD5}, "Samsung"},
    {{0x84, 0x38, 0x35}, "Apple"},
    {{0x84, 0x38, 0x38}, "Samsung"},
    {{0x84, 0x3A, 0x4B}, "Intel"},
    {{0x84, 0x41, 0x67}, "Apple"},
    {{0x84, 0x48, 0x80}, "Amazon"},
    {{0x84, 0x4B, 0xF5}, "Foxconn"},
    {{0x84, 0x51, 0x81}, "Samsung"},
    {{0x84, 0x55, 0xA5}, "Samsung"},
    {{0x84, 0x57, 0x33}, "Microsoft"},
    {{0x84, 0x5C, 0xF3}, "Intel"},
    {{0x84, 0x5F, 0x04}, "Samsung"},
    {{0x84, 0x63, 0xD6}, "Microsoft"},
    {{0x84, 0x68, 0x3E}, "Intel"},
    {{0x84, 0x68, 0x78}, "Apple"},
    {{0x84, 0x72, 0x93}, "Texas Instruments"},
    {{0x84, 0x78, 0x8B}, "Apple"},
    {{0x84, 0x7B, 0x57}, "Intel"},
    {{0x84, 0x7E, 0x40}, "Texas Instruments"},
    {{0x84, 0x85, 0x06}, "Apple"},
    {{0x84, 0x88, 0xE1}, "Apple"},
    {{0x84, 0x89, 0xAD}, "Apple"},
    {{0x84, 0x8C, 0x8D}, "Apple"},
    {{0x84, 0x8E, 0x0C}, "Apple"},
    {{0x84, 0x8E, 0xDF}, "Sony"},
    {{0x84, 0x92, 0x65}, "Intel"},
    {{0x84, 0x94, 0x37}, "Apple"},
    {{0x84, 0x96, 0x90}, "Murata"},
    {{0x84, 0x98, 0x66}, "Samsung"},
    {{0x84, 0x98, 0xA7}, "Texas Instruments"},
    {{0x84, 0xA1, 0x34}, "Apple"},
    {{0x84, 0xA4, 0x66}, "Samsung"},
    {{0x84, 0xA6, 0xC8}, "Intel"},
    {{0x84, 0xA8, 0x24}, "Google"},
    {{0x84, 0xAB, 0x1A}, "Apple"},
    {{0x84, 0xAC, 0x16}, "Apple"},
    {{0x84, 0xAD, 0x8D}, "Apple"},
    {{0x84, 0xAE, 0xDE}, "Xiaomi"},
    {{0x84, 0xB1, 0x53}, "Apple"},
    {{0x84, 0xB1, 0xE2}, "Microsoft"},
    {{0x84, 0xB1, 0xE4}, "Apple"},
    {{0x84, 0xB5, 0x41}, "Samsung"},
    {{0x84, 0xB8, 0x90}, "TP-Link"},
    {{0x84, 0xBB, 0x26}, "Texas Instruments"},
    {{0x84, 0xC0, 0xEF}, "Samsung"},
    {{0x84, 0xC5, 0xA6}, "Intel"},
    {{0x84, 0xC6, 0x92}, "Texas Instruments"},
    {{0x84, 0xC7, 0xEA}, "Sony"},
    {{0x84, 0xCC, 0xA8}, "Espressif"},
    {{0x84, 0xD1, 0xC1}, "Intel"},
    {{0x84, 0xD3, 0x28}, "Apple"},
    {{0x84, 0xD6, 0xD0}, "Amazon"},
    {{0x84, 0xD8, 0x1B}, "TP-Link"},
    {{0x84, 0xDD, 0x20}, "Texas Instruments"},
    {{0x84, 0xE6, 0x57}, "Sony"},
    {{0x84, 0xEB, 0x18}, "Texas Instruments"},
    {{0x84, 0xEE, 0xE4}, "Samsung"},
    {{0x84, 0xEF, 0x18}, "Intel"},
    {{0x84, 0xF3, 0xEB}, "Espressif"},
    {{0x84, 0xF7, 0x03}, "Espressif"},
    {{0x84, 0xFC, 0xAC}, "Apple"},
    {{0x84, 0xFC, 0xE6}, "Espressif"},
    {{0x84, 0xFC, 0xFE}, "Apple"},
    {{0x84, 0xFD, 0xD1}, "Intel"},
    {{0x88, 0x01, 0xF9}, "Texas Instruments"},
    {{0x88, 0x07, 0x4B}, "LG"},
    {{0x88, 0x0C, 0xE0}, "Texas Instruments"},
    {{0x88, 0x13, 0xBF}, "Espressif"},
    {{0x88, 0x19, 0x08}, "Apple"},
    {{0x88, 0x1E, 0x5A}, "Apple"},
    {{0x88, 0x1F, 0xA1}, "Apple"},
    {{0x88, 0x20, 0x0D}, "Apple"},
    {{0x88, 0x25, 0x93}, "TP-Link"},
    {{0x88, 0x29, 0x9C}, "Samsung"},
    {{0x88, 0x29, 0xBF}, "Amazon"},
    {{0x88, 0x2F, 0x92}, "Xiaomi"},
    {{0x88, 0x30, 0x8A}, "Murata"},
    {{0x88, 0x32, 0x9B}, "Samsung"},
    {{0x88, 0x33, 0x14}, "Texas Instruments"},
    {{0x88, 0x36, 0x5F}, "LG"},
    {{0x88, 0x3D, 0x24}, "Google"},
    {{0x88, 0x3F, 0x4A}, "Texas Instruments"},
    {{0x88, 0x46, 0x04}, "Xiaomi"},
    {{0x88, 0x4A, 0xEA}, "Texas Instruments"},
    {{0x88, 0x4D, 0x7C}, "Apple"},
    {{0x88, 0x51, 0xF2}, "Apple"},
    {{0x88, 0x52, 0xEB}, "Xiaomi"},
    {{0x88, 0x53, 0x2E}, "Intel"},
    {{0x88, 0x53, 0x95}, "Apple"},
    {{0x88, 0x54, 0x1F}, "Google"},
    {{0x88, 0x54, 0x6B}, "Texas Instruments"},
    {{0x88, 0x56, 0xA6}, "Espressif"},
    {{0x88, 0x57, 0x21}, "Espressif"},
    {{0x88, 0x5E, 0x54}, "Samsung"},
    {{0x88, 0x63, 0xDF}, "Apple"},
    {{0x88, 0x64, 0x40}, "Apple"},
    {{0x88, 0x66, 0x5A}, "Apple"},
    {{0x88, 0x66, 0xA5}, "Apple"},
    {{0x88, 0x6B, 0x6E}, "Apple"},
    {{0x88, 0x6B, 0xDB}, "Apple"},
    {{0x88, 0x6C, 0x60}, "Xiaomi"},
    {{0x88, 0x70, 0x15}, "Apple"},
    {{0x88, 0x71, 0xE5}, "Amazon"},
    {{0x88, 0x75, 0x98}, "Samsung"},
    {{0x88, 0x78, 0x73}, "Intel"},
    {{0x88, 0x79, 0x7E}, "Motorola"},
    {{0x88, 0x7E, 0x9B}, "Apple"},
    {{0x88, 0x83, 0x22}, "Samsung"},
    {{0x88, 0x99, 0x86}, "TP-Link"},
    {{0x88, 0x9B, 0x39}, "Samsung"},
    {{0x88, 0x9F, 0x6F}, "Samsung"},
    {{0x88, 0x9F, 0xFA}, "Foxconn"},
    {{0x88, 0xA2, 0x9E}, "Raspberry Pi"},
    {{0x88, 0xA3, 0x03}, "Samsung"},
    {{0x88, 0xA4, 0x79}, "Apple"},
    {{0x88, 0xA9, 0xB7}, "Apple"},
    {{0x88, 0xAD, 0xD2}, "Samsung"},
    {{0x88, 0xAE, 0x07}, "Apple"},
    {{0x88, 0xB1, 0x11}, "Intel"},
    {{0x88, 0xB2, 0x91}, "Apple"},
    {{0x88, 0xB4, 0xA6}, "Motorola"},
    {{0x88, 0xB7, 0xEB}, "Apple"},
    {{0x88, 0xB9, 0x45}, "Apple"},
    {{0x88, 0xB9, 0x51}, "Xiaomi"},
    {{0x88, 0xBD, 0x45}, "Samsung"},
    {{0x88, 0xC0, 0x8B}, "Apple"},
    {{0x88, 0xC2, 0x55}, "Texas Instruments"},
    {{0x88, 0xC3, 0x44}, "Google"},
    {{0x88, 0xC6, 0x63}, "Apple"},
    {{0x88, 0xC9, 0xD0}, "LG"},
    {{0x88, 0xC9, 0xE8}, "Sony"},
    {{0x88, 0xCB, 0x87}, "Apple"},
    {{0x88, 0xCF, 0xCD}, "Texas Instruments"},
    {{0x88, 0xD5, 0x46}, "Apple"},
    {{0x88, 0xD7, 0xF6}, "ASUS"},
    {{0x88, 0xD8, 0x2E}, "Intel"},
    {{0x88, 0xE8, 0x7F}, "Apple"},
    {{0x88, 0xE9, 0xFE}, "Apple"},
    {{0x88, 0xF1, 0x55}, "Espressif"},
    {{0x88, 0xF4, 0xDA}, "Intel"},
    {{0x8C, 0x00, 0x6D}, "Apple"},
    {{0x8C, 0x08, 0x79}, "Texas Instruments"},
    {{0x8C, 0x08, 0xAA}, "Apple"},
    {{0x8C, 0x17, 0x59}, "Intel"},
    {{0x8C, 0x19, 0x52}, "Amazon"},
    {{0x8C, 0x1A, 0xBF}, "Samsung"},
    {{0x8C, 0x1D, 0x96}, "Intel"},
    {{0x8C, 0x21, 0x0A}, "TP-Link"},
    {{0x8C, 0x26, 0xAA}, "Apple"},
    {{0x8C, 0x29, 0x37}, "Apple"},
    {{0x8C, 0x2A, 0x85}, "Amazon"},
    {{0x8C, 0x2D, 0xAA}, "Apple"},
    {{0x8C, 0x2E, 0x72}, "Samsung"},
    {{0x8C, 0x33, 0x96}, "Apple"},
    {{0x8C, 0x3A, 0xE3}, "LG"},
    {{0x8C, 0x45, 0x00}, "Murata"},
    {{0x8C, 0x4B, 0x14}, "Espressif"},
    {{0x8C, 0x4E, 0x46}, "Motorola"},
    {{0x8C, 0x4E, 0xBB}, "Amazon"},
    {{0x8C, 0x4F, 0x00}, "Espressif"},
    {{0x8C, 0x55, 0x4A}, "Intel"},
    {{0x8C, 0x56, 0x46}, "LG"},
    {{0x8C, 0x58, 0x77}, "Apple"},
    {{0x8C, 0x64, 0x22}, "Sony"},
    {{0x8C, 0x64, 0xA2}, "OnePlus"},
    {{0x8C, 0x6A, 0x3B}, "Samsung"},
    {{0x8C, 0x70, 0x5A}, "Intel"},
    {{0x8C, 0x71, 0xF8}, "Samsung"},
    {{0x8C, 0x77, 0x12}, "Samsung"},
    {{0x8C, 0x79, 0xF5}, "Samsung"},
    {{0x8C, 0x7A, 0x3D}, "Xiaomi"},
    {{0x8C, 0x7A, 0xAA}, "Apple"},
    {{0x8C, 0x7B, 0x9D}, "Apple"},
    {{0x8C, 0x7C, 0x92}, "Apple"},
    {{0x8C, 0x7C, 0xB5}, "Foxconn"},
    {{0x8C, 0x82, 0x83}, "Apple"},
    {{0x8C, 0x83, 0xE1}, "Samsung"},
    {{0x8C, 0x85, 0x90}, "Apple"},
    {{0x8C, 0x86, 0x1E}, "Apple"},
    {{0x8C, 0x86, 0xDD}, "TP-Link"},
    {{0x8C, 0x8B, 0x83}, "Texas Instruments"},
    {{0x8C, 0x8C, 0x29}, "Espressif"},
    {{0x8C, 0x8D, 0x28}, "Intel"},
    {{0x8C, 0x8E, 0xF2}, "Apple"},
    {{0x8C, 0x8F, 0xE9}, "Apple"},
    {{0x8C, 0x90, 0x2D}, "TP-Link"},
    {{0x8C, 0x91, 0xA4}, "Apple"},
    {{0x8C, 0x94, 0xDF}, "Espressif"},
    {{0x8C, 0x98, 0x6B}, "Apple"},
    {{0x8C, 0x98, 0x85}, "Samsung"},
    {{0x8C, 0xA3, 0xEC}, "Samsung"},
    {{0x8C, 0xA6, 0xDF}, "TP-Link"},
    {{0x8C, 0xA9, 0x82}, "Intel"},
    {{0x8C, 0xAA, 0xB5}, "Espressif"},
    {{0x8C, 0xAA, 0xCE}, "Xiaomi"},
    {{0x8C, 0xB0, 0xE9}, "Samsung"},
    {{0x8C, 0xB8, 0x4A}, "Samsung"},
    {{0x8C, 0xB8, 0x7E}, "Intel"},
    {{0x8C, 0xBE, 0xBE}, "Xiaomi"},
    {{0x8C, 0xBF, 0xA6}, "Samsung"},
    {{0x8C, 0xBF, 0xEA}, "Espressif"},
    {{0x8C, 0xC5, 0xD0}, "Samsung"},
    {{0x8C, 0xC6, 0x81}, "Intel"},
    {{0x8C, 0xC8, 0xCD}, "Samsung"},
    {{0x8C, 0xCD, 0xFE}, "AmpAK"},
    {{0x8C, 0xCE, 0x4E}, "Espressif"},
    {{0x8C, 0xD0, 0x66}, "Texas Instruments"},
    {{0x8C, 0xD9, 0xD6}, "Xiaomi"},
    {{0x8C, 0xDE, 0xE6}, "Samsung"},
    {{0x8C, 0xE5, 0xC0}, "Samsung"},
    {{0x8C, 0xE9, 0xEE}, "Intel"},
    {{0x8C, 0xEA, 0x48}, "Samsung"},
    {{0x8C, 0xEC, 0x7B}, "Apple"},
    {{0x8C, 0xF1, 0x12}, "Motorola"},
    {{0x8C, 0xF5, 0xA3}, "Samsung"},
    {{0x8C, 0xF7, 0x10}, "AmpAK"},
    {{0x8C, 0xF8, 0xC5}, "Intel"},
    {{0x8C, 0xFA, 0xBA}, "Apple"},
    {{0x8C, 0xFD, 0x49}, "Espressif"},
    {{0x8C, 0xFE, 0x57}, "Apple"},
    {{0x90, 0x00, 0x4E}, "Foxconn"},
    {{0x90, 0x00, 0xDB}, "Samsung"},
    {{0x90, 0x06, 0x28}, "Samsung"},
    {{0x90, 0x06, 0xF2}, "Texas Instruments"},
    {{0x90, 0x09, 0xDF}, "Intel"},
    {{0x90, 0x0A, 0x48}, "Samsung"},
    {{0x90, 0x0C, 0xC8}, "Google"},
    {{0x90, 0x10, 0x57}, "Intel"},
    {{0x90, 0x11, 0x95}, "Amazon"},
    {{0x90, 0x15, 0x06}, "Espressif"},
    {{0x90, 0x18, 0x7C}, "Samsung"},
    {{0x90, 0x20, 0xD7}, "Microsoft"},
    {{0x90, 0x23, 0x5B}, "Amazon"},
    {{0x90, 0x27, 0xE4}, "Apple"},
    {{0x90, 0x2A, 0xEE}, "Xiaomi"},
    {{0x90, 0x2C, 0x09}, "Apple"},
    {{0x90, 0x2E, 0x1C}, "Intel"},
    {{0x90, 0x32, 0x4B}, "Foxconn"},
    {{0x90, 0x34, 0xFC}, "Foxconn"},
    {{0x90, 0x35, 0xA2}, "Apple"},
    {{0x90, 0x38, 0x0C}, "Espressif"},
    {{0x90, 0x39, 0x5F}, "Amazon"},
    {{0x90, 0x3C, 0x92}, "Apple"},
    {{0x90, 0x47, 0x48}, "Sony"},
    {{0x90, 0x47, 0xC2}, "Intel"},
    {{0x90, 0x48, 0x46}, "Texas Instruments"},
    {{0x90, 0x48, 0x9A}, "Foxconn"},
    {{0x90, 0x49, 0xFA}, "Intel"},
    {{0x90, 0x4C, 0xC5}, "Apple"},
    {{0x90, 0x4C, 0xE5}, "Foxconn"},
    {{0x90, 0x4D, 0xE2}, "Apple"},
    {{0x90, 0x59, 0xAF}, "Texas Instruments"},
    {{0x90, 0x5F, 0x7A}, "Apple"},
    {{0x90, 0x60, 0xF1}, "Apple"},
    {{0x90, 0x61, 0xAE}, "Intel"},
    {{0x90, 0x62, 0x3F}, "Apple"},
    {{0x90, 0x63, 0x3B}, "Samsung"},
    {{0x90, 0x64, 0x9B}, "Espressif"},
    {{0x90, 0x65, 0x84}, "Intel"},
    {{0x90, 0x68, 0xC3}, "Motorola"},
    {{0x90, 0x6A, 0xEB}, "Microsoft"},
    {{0x90, 0x6E, 0xBB}, "Foxconn"},
    {{0x90, 0x70, 0x65}, "Texas Instruments"},
    {{0x90, 0x70, 0x69}, "Espressif"},
    {{0x90, 0x72, 0x40}, "Apple"},
    {{0x90, 0x73, 0x5A}, "Motorola"},
    {{0x90, 0x74, 0xAE}, "AzureWave"},
    {{0x90, 0x78, 0x41}, "Intel"},
    {{0x90, 0x78, 0xB2}, "Xiaomi"},
    {{0x90, 0x7B, 0xC6}, "Texas Instruments"},
    {{0x90, 0x81, 0x2A}, "Apple"},
    {{0x90, 0x81, 0x58}, "Apple"},
    {{0x90, 0x81, 0x75}, "Samsung"},
    {{0x90, 0x84, 0x0D}, "Apple"},
    {{0x90, 0x8C, 0x43}, "Apple"},
    {{0x90, 0x8D, 0x6C}, "Apple"},
    {{0x90, 0x97, 0xD5}, "Espressif"},
    {{0x90, 0x97, 0xF3}, "Samsung"},
    {{0x90, 0x9A, 0x4A}, "TP-Link"},
    {{0x90, 0x9A, 0x77}, "Texas Instruments"},
    {{0x90, 0x9B, 0x6F}, "Apple"},
    {{0x90, 0x9C, 0x4A}, "Apple"},
    {{0x90, 0xA2, 0x5B}, "Apple"},
    {{0x90, 0xA8, 0x22}, "Amazon"},
    {{0x90, 0xAC, 0x6D}, "Apple"},
    {{0x90, 0xAE, 0x1B}, "TP-Link"},
    {{0x90, 0xB0, 0x21}, "Intel"},
    {{0x90, 0xB0, 0xED}, "Apple"},
    {{0x90, 0xB1, 0x44}, "Samsung"},
    {{0x90, 0xB1, 0x76}, "Intel"},
    {{0x90, 0xB2, 0x1F}, "Apple"},
    {{0x90, 0xB6, 0x22}, "Samsung"},
    {{0x90, 0xB6, 0x86}, "Murata"},
    {{0x90, 0xB7, 0x90}, "Apple"},
    {{0x90, 0xB9, 0x31}, "Apple"},
    {{0x90, 0xB9, 0xF9}, "Motorola"},
    {{0x90, 0xC1, 0x15}, "Sony"},
    {{0x90, 0xC1, 0xC6}, "Apple"},
    {{0x90, 0xCA, 0xFA}, "Google"},
    {{0x90, 0xCC, 0xDF}, "Intel"},
    {{0x90, 0xCD, 0xB6}, "Foxconn"},
    {{0x90, 0xCD, 0xE8}, "Apple"},
    {{0x90, 0xCE, 0xB8}, "Texas Instruments"},
    {{0x90, 0xD7, 0xEB}, "Texas Instruments"},
    {{0x90, 0xDA, 0x72}, "Espressif"},
    {{0x90, 0xDD, 0x5D}, "Apple"},
    {{0x90, 0xE1, 0x7B}, "Apple"},
    {{0x90, 0xE2, 0x02}, "Texas Instruments"},
    {{0x90, 0xE2, 0xBA}, "Intel"},
    {{0x90, 0xE5, 0xB1}, "Espressif"},
    {{0x90, 0xE6, 0xBA}, "ASUS"},
    {{0x90, 0xE8, 0x68}, "AzureWave"},
    {{0x90, 0xEC, 0xEA}, "Apple"},
    {{0x90, 0xEE, 0xC7}, "Samsung"},
    {{0x90, 0xF1, 0xAA}, "Samsung"},
    {{0x90, 0xF6, 0x52}, "TP-Link"},
    {{0x90, 0xF8, 0x2E}, "Amazon"},
    {{0x90, 0xFB, 0xA6}, "Foxconn"},
    {{0x90, 0xFD, 0x61}, "Apple"},
    {{0x94, 0x01, 0xC2}, "Samsung"},
    {{0x94, 0x08, 0x53}, "Liteon"},
    {{0x94, 0x0B, 0xCD}, "Apple"},
    {{0x94, 0x0C, 0x6D}, "TP-Link"},
    {{0x94, 0x0C, 0x98}, "Apple"},
    {{0x94, 0x16, 0x25}, "Apple"},
    {{0x94, 0x17, 0x00}, "Xiaomi"},
    {{0x94, 0x21, 0x57}, "Apple"},
    {{0x94, 0x27, 0x0E}, "Intel"},
    {{0x94, 0x2B, 0x68}, "Apple"},
    {{0x94, 0x2D, 0xDC}, "Samsung"},
    {{0x94, 0x35, 0x0A}, "Samsung"},
    {{0x94, 0x39, 0x0E}, "Intel"},
    {{0x94, 0x39, 0xE5}, "Foxconn"},
    {{0x94, 0x3A, 0x91}, "Amazon"},
    {{0x94, 0x3C, 0xC6}, "Espressif"},
    {{0x94, 0x3F, 0xD6}, "Apple"},
    {{0x94, 0x45, 0x60}, "Google"},
    {{0x94, 0x50, 0x44}, "Texas Instruments"},
    {{0x94, 0x51, 0x03}, "Samsung"},
    {{0x94, 0x51, 0xDC}, "Espressif"},
    {{0x94, 0x52, 0x44}, "Samsung"},
    {{0x94, 0x53, 0x30}, "Foxconn"},
    {{0x94, 0x53, 0xFF}, "Intel"},
    {{0x94, 0x54, 0xC5}, "Espressif"},
    {{0x94, 0x59, 0x15}, "Amazon"},
    {{0x94, 0x5A, 0xFC}, "Amazon"},
    {{0x94, 0x5C, 0x9A}, "Apple"},
    {{0x94, 0x63, 0xD1}, "Samsung"},
    {{0x94, 0x65, 0x2D}, "OnePlus"},
    {{0x94, 0x65, 0x9C}, "Intel"},
    {{0x94, 0x6A, 0x7C}, "OnePlus"},
    {{0x94, 0x76, 0xB7}, "Samsung"},
    {{0x94, 0x7B, 0xAE}, "Xiaomi"},
    {{0x94, 0x7B, 0xE7}, "Samsung"},
    {{0x94, 0x87, 0xE0}, "Xiaomi"},
    {{0x94, 0x88, 0x54}, "Texas Instruments"},
    {{0x94, 0x89, 0x78}, "Apple"},
    {{0x94, 0x8B, 0x93}, "Xiaomi"},
    {{0x94, 0x8B, 0xC1}, "Samsung"},
    {{0x94, 0x94, 0x26}, "Apple"},
    {{0x94, 0x95, 0xA0}, "Google"},
    {{0x94, 0x97, 0x4F}, "Liteon"},
    {{0x94, 0x9A, 0xA9}, "Microsoft"},
    {{0x94, 0xA1, 0xA2}, "AmpAK"},
    {{0x94, 0xA9, 0x90}, "Espressif"},
    {{0x94, 0xA9, 0xA8}, "Texas Instruments"},
    {{0x94, 0xAD, 0x23}, "Apple"},
    {{0x94, 0xB0, 0x1F}, "Apple"},
    {{0x94, 0xB1, 0x0A}, "Samsung"},
    {{0x94, 0xB5, 0x55}, "Espressif"},
    {{0x94, 0xB6, 0x09}, "Intel"},
    {{0x94, 0xB8, 0x6D}, "Intel"},
    {{0x94, 0xB9, 0x7E}, "Espressif"},
    {{0x94, 0xBB, 0x43}, "AzureWave"},
    {{0x94, 0xBF, 0x2D}, "Apple"},
    {{0x94, 0xCE, 0x2C}, "Sony"},
    {{0x94, 0xD3, 0x31}, "Xiaomi"},
    {{0x94, 0xD7, 0x71}, "Samsung"},
    {{0x94, 0xD9, 0xB3}, "TP-Link"},
    {{0x94, 0xDB, 0x56}, "Sony"},
    {{0x94, 0xDB, 0xC9}, "AzureWave"},
    {{0x94, 0xE1, 0x29}, "Samsung"},
    {{0x94, 0xE2, 0x3C}, "Intel"},
    {{0x94, 0xE3, 0x6D}, "Texas Instruments"},
    {{0x94, 0xE6, 0x86}, "Espressif"},
    {{0x94, 0xE6, 0xBA}, "Samsung"},
    {{0x94, 0xE6, 0xF7}, "Intel"},
    {{0x94, 0xE7, 0x0B}, "Intel"},
    {{0x94, 0xE9, 0x6A}, "Apple"},
    {{0x94, 0xE9, 0x79}, "Liteon"},
    {{0x94, 0xEA, 0x32}, "Apple"},
    {{0x94, 0xEB, 0x2C}, "Google"},
    {{0x94, 0xEF, 0x50}, "TP-Link"},
    {{0x94, 0xF6, 0xA3}, "Apple"},
    {{0x94, 0xF6, 0xD6}, "Apple"},
    {{0x98, 0x00, 0xC6}, "Apple"},
    {{0x98, 0x01, 0xA7}, "Apple"},
    {{0x98, 0x03, 0x8A}, "Texas Instruments"},
    {{0x98, 0x03, 0x8E}, "TP-Link"},
    {{0x98, 0x03, 0xD8}, "Apple"},
    {{0x98, 0x06, 0x3C}, "Samsung"},
    {{0x98, 0x07, 0x2D}, "Texas Instruments"},
    {{0x98, 0x09, 0xCF}, "OnePlus"},
    {{0x98, 0x0C, 0x82}, "Samsung"},
    {{0x98, 0x0D, 0x6F}, "Samsung"},
    {{0x98, 0x0D, 0xAF}, "Apple"},
    {{0x98, 0x10, 0xE8}, "Apple"},
    {{0x98, 0x12, 0xE0}, "Xiaomi"},
    {{0x98, 0x1C, 0xA2}, "Apple"},
    {{0x98, 0x1D, 0xFA}, "Samsung"},
    {{0x98, 0x22, 0x6E}, "Amazon"},
    {{0x98, 0x22, 0xEF}, "Liteon"},
    {{0x98, 0x25, 0x4A}, "TP-Link"},
    {{0x98, 0x2B, 0xA6}, "Motorola"},
    {{0x98, 0x2C, 0xBC}, "Intel"},
    {{0x98, 0x2D, 0x68}, "Samsung"},
    {{0x98, 0x39, 0x8E}, "Samsung"},
    {{0x98, 0x3A, 0x1F}, "Google"},
    {{0x98, 0x3B, 0x16}, "AmpAK"},
    {{0x98, 0x3B, 0x8F}, "Intel"},
    {{0x98, 0x3C, 0x8C}, "Apple"},
    {{0x98, 0x3D, 0xAE}, "Espressif"},
    {{0x98, 0x3F, 0xE8}, "Samsung"},
    {{0x98, 0x43, 0xFA}, "Intel"},
    {{0x98, 0x46, 0x0A}, "Apple"},
    {{0x98, 0x48, 0x27}, "TP-Link"},
    {{0x98, 0x4E, 0x8A}, "Samsung"},
    {{0x98, 0x4F, 0xEE}, "Intel"},
    {{0x98, 0x50, 0x2E}, "Apple"},
    {{0x98, 0x52, 0xB1}, "Samsung"},
    {{0x98, 0x54, 0x1B}, "Intel"},
    {{0x98, 0x57, 0xD3}, "Foxconn"},
    {{0x98, 0x59, 0x45}, "Texas Instruments"},
    {{0x98, 0x59, 0x7A}, "Intel"},
    {{0x98, 0x5A, 0xEB}, "Apple"},
    {{0x98, 0x5D, 0xAD}, "Texas Instruments"},
    {{0x98, 0x5F, 0x41}, "Intel"},
    {{0x98, 0x5F, 0xD3}, "Microsoft"},
    {{0x98, 0x60, 0xCA}, "Apple"},
    {{0x98, 0x69, 0x8A}, "Apple"},
    {{0x98, 0x7A, 0x14}, "Microsoft"},
    {{0x98, 0x7B, 0xF3}, "Texas Instruments"},
    {{0x98, 0x80, 0xEE}, "Samsung"},
    {{0x98, 0x83, 0x89}, "Samsung"},
    {{0x98, 0x84, 0xE3}, "Texas Instruments"},
    {{0x98, 0x88, 0xE0}, "Espressif"},
    {{0x98, 0x89, 0x24}, "Texas Instruments"},
    {{0x98, 0x8D, 0x46}, "Intel"},
    {{0x98, 0x93, 0xCC}, "LG"},
    {{0x98, 0x97, 0xCC}, "TP-Link"},
    {{0x98, 0x98, 0xFB}, "Google"},
    {{0x98, 0x9E, 0x63}, "Apple"},
    {{0x98, 0xA3, 0x16}, "Espressif"},
    {{0x98, 0xA5, 0xF9}, "Apple"},
    {{0x98, 0xAF, 0x65}, "Intel"},
    {{0x98, 0xB0, 0x8B}, "Samsung"},
    {{0x98, 0xB3, 0x79}, "Apple"},
    {{0x98, 0xB8, 0xBA}, "LG"},
    {{0x98, 0xB8, 0xBC}, "Samsung"},
    {{0x98, 0xB8, 0xE3}, "Apple"},
    {{0x98, 0xBA, 0x5F}, "TP-Link"},
    {{0x98, 0xBD, 0x80}, "Intel"},
    {{0x98, 0xCA, 0x33}, "Apple"},
    {{0x98, 0xCC, 0xF3}, "Amazon"},
    {{0x98, 0xCD, 0xAC}, "Espressif"},
    {{0x98, 0xCF, 0x7D}, "Apple"},
    {{0x98, 0xD2, 0x93}, "Google"},
    {{0x98, 0xD6, 0xBB}, "Apple"},
    {{0x98, 0xD6, 0xF7}, "LG"},
    {{0x98, 0xD7, 0x42}, "Samsung"},
    {{0x98, 0xDA, 0xC4}, "TP-Link"},
    {{0x98, 0xDD, 0x60}, "Apple"},
    {{0x98, 0xDE, 0xD0}, "TP-Link"},
    {{0x98, 0xE0, 0xD9}, "Apple"},
    {{0x98, 0xE8, 0x59}, "Apple"},
    {{0x98, 0xEE, 0x94}, "Xiaomi"},
    {{0x98, 0xF0, 0x7B}, "Texas Instruments"},
    {{0x98, 0xF0, 0xAB}, "Apple"},
    {{0x98, 0xF1, 0x70}, "Murata"},
    {{0x98, 0xF4, 0x87}, "Texas Instruments"},
    {{0x98, 0xF4, 0xAB}, "Espressif"},
    {{0x98, 0xF6, 0x21}, "Xiaomi"},
    {{0x98, 0xFA, 0x2E}, "Sony"},
    {{0x98, 0xFA, 0xE3}, "Xiaomi"},
    {{0x98, 0xFB, 0x27}, "Samsung"},
    {{0x98, 0xFE, 0x3E}, "Intel"},
    {{0x98, 0xFE, 0x54}, "Raspberry Pi"},
    {{0x98, 0xFE, 0x94}, "Apple"},
    {{0x98, 0xFE, 0xE1}, "Apple"},
    {{0x9C, 0x02, 0x98}, "Samsung"},
    {{0x9C, 0x04, 0xEB}, "Apple"},
    {{0x9C, 0x13, 0x9E}, "Espressif"},
    {{0x9C, 0x1A, 0x25}, "Apple"},
    {{0x9C, 0x1D, 0x58}, "Texas Instruments"},
    {{0x9C, 0x20, 0x7B}, "Apple"},
    {{0x9C, 0x21, 0x6A}, "TP-Link"},
    {{0x9C, 0x25, 0x95}, "Samsung"},
    {{0x9C, 0x28, 0xB3}, "Apple"},
    {{0x9C, 0x28, 0xF7}, "Xiaomi"},
    {{0x9C, 0x29, 0x3F}, "Apple"},
    {{0x9C, 0x29, 0x76}, "Intel"},
    {{0x9C, 0x2A, 0x70}, "Foxconn"},
    {{0x9C, 0x2A, 0x83}, "Samsung"},
    {{0x9C, 0x2E, 0x7A}, "Samsung"},
    {{0x9C, 0x2E, 0xA1}, "Xiaomi"},
    {{0x9C, 0x2F, 0x9D}, "Liteon"},
    {{0x9C, 0x30, 0x5B}, "Foxconn"},
    {{0x9C, 0x35, 0xEB}, "Apple"},
    {{0x9C, 0x37, 0xCB}, "Sony"},
    {{0x9C, 0x39, 0x28}, "Samsung"},
    {{0x9C, 0x3A, 0xAF}, "Samsung"},
    {{0x9C, 0x3E, 0x53}, "Apple"},
    {{0x9C, 0x47, 0x82}, "TP-Link"},
    {{0x9C, 0x4E, 0x36}, "Intel"},
    {{0x9C, 0x4F, 0x5F}, "Google"},
    {{0x9C, 0x4F, 0xDA}, "Apple"},
    {{0x9C, 0x50, 0xD1}, "Murata"},
    {{0x9C, 0x53, 0x22}, "TP-Link"},
    {{0x9C, 0x58, 0x3C}, "Apple"},
    {{0x9C, 0x58, 0x84}, "Apple"},
    {{0x9C, 0x5A, 0x81}, "Xiaomi"},
    {{0x9C, 0x5C, 0x8E}, "ASUS"},
    {{0x9C, 0x5C, 0xF9}, "Sony"},
    {{0x9C, 0x5F, 0xB0}, "Samsung"},
    {{0x9C, 0x60, 0x76}, "Apple"},
    {{0x9C, 0x64, 0x8B}, "Apple"},
    {{0x9C, 0x65, 0xB0}, "Samsung"},
    {{0x9C, 0x65, 0xEB}, "Intel"},
    {{0x9C, 0x67, 0xD6}, "Intel"},
    {{0x9C, 0x6C, 0x15}, "Microsoft"},
    {{0x9C, 0x73, 0xB1}, "Samsung"},
    {{0x9C, 0x76, 0x0E}, "Apple"},
    {{0x9C, 0x79, 0xE3}, "Apple"},
    {{0x9C, 0x83, 0x06}, "Samsung"},
    {{0x9C, 0x84, 0xBF}, "Apple"},
    {{0x9C, 0x8B, 0xA0}, "Apple"},
    {{0x9C, 0x8C, 0x6E}, "Samsung"},
    {{0x9C, 0x92, 0x4F}, "Apple"},
    {{0x9C, 0x97, 0x1B}, "Intel"},
    {{0x9C, 0x99, 0xA0}, "Xiaomi"},
    {{0x9C, 0x9C, 0x1F}, "Espressif"},
    {{0x9C, 0x9E, 0x6E}, "Espressif"},
    {{0x9C, 0x9E, 0xD5}, "Xiaomi"},
    {{0x9C, 0xA2, 0xF4}, "TP-Link"},
    {{0x9C, 0xA5, 0x13}, "Samsung"},
    {{0x9C, 0xA6, 0x15}, "TP-Link"},
    {{0x9C, 0xA9, 0xC5}, "Apple"},
    {{0x9C, 0xAA, 0x1B}, "Microsoft"},
    {{0x9C, 0xAD, 0x97}, "Foxconn"},
    {{0x9C, 0xB1, 0x50}, "Intel"},
    {{0x9C, 0xB7, 0x0D}, "Liteon"},
    {{0x9C, 0xB8, 0xB4}, "AmpAK"},
    {{0x9C, 0xBC, 0xF0}, "Xiaomi"},
    {{0x9C, 0xC3, 0x94}, "Apple"},
    {{0x9C, 0xC7, 0xD3}, "AzureWave"},
    {{0x9C, 0xC8, 0xE9}, "Amazon"},
    {{0x9C, 0xCC, 0x01}, "Espressif"},
    {{0x9C, 0xD2, 0x1E}, "Foxconn"},
    {{0x9C, 0xD3, 0x5B}, "Samsung"},
    {{0x9C, 0xD9, 0x17}, "Motorola"},
    {{0x9C, 0xDA, 0x3E}, "Intel"},
    {{0x9C, 0xDA, 0xA8}, "Apple"},
    {{0x9C, 0xE0, 0x63}, "Samsung"},
    {{0x9C, 0xE3, 0x3F}, "Apple"},
    {{0x9C, 0xE6, 0x5E}, "Apple"},
    {{0x9C, 0xE6, 0xE7}, "Samsung"},
    {{0x9C, 0xF2, 0x7E}, "Samsung"},
    {{0x9C, 0xF3, 0x87}, "Apple"},
    {{0x9C, 0xF3, 0xAC}, "Apple"},
    {{0x9C, 0xF4, 0x8E}, "Apple"},
    {{0x9C, 0xFA, 0x76}, "Apple"},
    {{0x9C, 0xFC, 0x01}, "Apple"},
    {{0x9C, 0xFC, 0x28}, "Apple"},
    {{0x9C, 0xFC, 0xE8}, "Intel"},
    {{0xA0, 0x02, 0xA5}, "Intel"},
    {{0xA0, 0x02, 0xDC}, "Amazon"},
    {{0xA0, 0x07, 0x98}, "Samsung"},
    {{0xA0, 0x0B, 0xBA}, "Samsung"},
    {{0xA0, 0x10, 0x81}, "Samsung"},
    {{0xA0, 0x18, 0x28}, "Apple"},
    {{0xA0, 0x1B, 0x9E}, "Samsung"},
    {{0xA0, 0x20, 0xA6}, "Espressif"},
    {{0xA0, 0x21, 0x95}, "Samsung"},
    {{0xA0, 0x27, 0xB6}, "Samsung"},
    {{0xA0, 0x29, 0x42}, "Intel"},
    {{0xA0, 0x36, 0x9F}, "Intel"},
    {{0xA0, 0x36, 0xBC}, "ASUS"},
    {{0xA0, 0x39, 0xF7}, "LG"},
    {{0xA0, 0x3B, 0xE3}, "Apple"},
    {{0xA0, 0x46, 0x5A}, "Motorola"},
    {{0xA0, 0x4A, 0x5E}, "Microsoft"},
    {{0xA0, 0x4E, 0xA7}, "Apple"},
    {{0xA0, 0x4E, 0xCF}, "Apple"},
    {{0xA0, 0x4F, 0x52}, "Intel"},
    {{0xA0, 0x4F, 0x85}, "LG"},
    {{0xA0, 0x51, 0x0B}, "Intel"},
    {{0xA0, 0x52, 0x72}, "Apple"},
    {{0xA0, 0x56, 0x2C}, "Samsung"},
    {{0xA0, 0x56, 0xF3}, "Apple"},
    {{0xA0, 0x59, 0x50}, "Intel"},
    {{0xA0, 0x60, 0x90}, "Samsung"},
    {{0xA0, 0x6C, 0x65}, "Texas Instruments"},
    {{0xA0, 0x75, 0x91}, "Samsung"},
    {{0xA0, 0x76, 0x4E}, "Espressif"},
    {{0xA0, 0x78, 0x17}, "Apple"},
    {{0xA0, 0x78, 0x2D}, "Apple"},
    {{0xA0, 0x7D, 0x9C}, "Samsung"},
    {{0xA0, 0x80, 0x69}, "Intel"},
    {{0xA0, 0x82, 0x1F}, "Samsung"},
    {{0xA0, 0x85, 0x27}, "Intel"},
    {{0xA0, 0x85, 0xE3}, "Espressif"},
    {{0xA0, 0x85, 0xFC}, "Microsoft"},
    {{0xA0, 0x86, 0xC6}, "Xiaomi"},
    {{0xA0, 0x87, 0xBE}, "Apple"},
    {{0xA0, 0x88, 0x69}, "Intel"},
    {{0xA0, 0x88, 0xB4}, "Intel"},
    {{0xA0, 0x91, 0x69}, "LG"},
    {{0xA0, 0x91, 0xA2}, "OnePlus"},
    {{0xA0, 0x99, 0x9B}, "Apple"},
    {{0xA0, 0x9A, 0x8E}, "Apple"},
    {{0xA0, 0x9D, 0x22}, "Apple"},
    {{0xA0, 0xA3, 0x09}, "Apple"},
    {{0xA0, 0xA3, 0xB3}, "Espressif"},
    {{0xA0, 0xA4, 0xC5}, "Intel"},
    {{0xA0, 0xA8, 0xCD}, "Intel"},
    {{0xA0, 0xAC, 0x69}, "Samsung"},
    {{0xA0, 0xAD, 0x9F}, "ASUS"},
    {{0xA0, 0xAF, 0xBD}, "Intel"},
    {{0xA0, 0xB0, 0xBD}, "Samsung"},
    {{0xA0, 0xB1, 0x5C}, "Google"},
    {{0xA0, 0xB3, 0x39}, "Intel"},
    {{0xA0, 0xB4, 0x0F}, "Apple"},
    {{0xA0, 0xB4, 0xA5}, "Samsung"},
    {{0xA0, 0xB7, 0x65}, "Espressif"},
    {{0xA0, 0xC1, 0xC5}, "Apple"},
    {{0xA0, 0xC5, 0x89}, "Intel"},
    {{0xA0, 0xC9, 0xA0}, "Murata"},
    {{0xA0, 0xCB, 0xFD}, "Samsung"},
    {{0xA0, 0xCC, 0x2B}, "Murata"},
    {{0xA0, 0xCD, 0xF3}, "Murata"},
    {{0xA0, 0xD0, 0x5B}, "Samsung"},
    {{0xA0, 0xD0, 0xDC}, "Amazon"},
    {{0xA0, 0xD1, 0xB3}, "Apple"},
    {{0xA0, 0xD2, 0xB1}, "Amazon"},
    {{0xA0, 0xD3, 0x65}, "Intel"},
    {{0xA0, 0xD3, 0x7A}, "Intel"},
    {{0xA0, 0xD7, 0x22}, "Samsung"},
    {{0xA0, 0xD7, 0x95}, "Apple"},
    {{0xA0, 0xD7, 0xF3}, "Samsung"},
    {{0xA0, 0xD9, 0x1A}, "Texas Instruments"},
    {{0xA0, 0xDD, 0x6C}, "Espressif"},
    {{0xA0, 0xE3, 0x90}, "Apple"},
    {{0xA0, 0xE4, 0x53}, "Sony"},
    {{0xA0, 0xE6, 0xF8}, "Texas Instruments"},
    {{0xA0, 0xE7, 0x0B}, "Intel"},
    {{0xA0, 0xED, 0xCD}, "Apple"},
    {{0xA0, 0xEE, 0x1A}, "Apple"},
    {{0xA0, 0xF2, 0x62}, "Espressif"},
    {{0xA0, 0xF3, 0xC1}, "TP-Link"},
    {{0xA0, 0xF6, 0xFD}, "Texas Instruments"},
    {{0xA0, 0xFB, 0xC5}, "Apple"},
    {{0xA4, 0x02, 0xB7}, "Amazon"},
    {{0xA4, 0x02, 0xB9}, "Intel"},
    {{0xA4, 0x06, 0xE9}, "Texas Instruments"},
    {{0xA4, 0x07, 0xB6}, "Samsung"},
    {{0xA4, 0x08, 0x01}, "Amazon"},
    {{0xA4, 0x08, 0xEA}, "Murata"},
    {{0xA4, 0x09, 0x87}, "Apple"},
    {{0xA4, 0x16, 0xC0}, "Apple"},
    {{0xA4, 0x17, 0x31}, "Foxconn"},
    {{0xA4, 0x1A, 0x3A}, "TP-Link"},
    {{0xA4, 0x22, 0xB6}, "Motorola"},
    {{0xA4, 0x2B, 0xB0}, "TP-Link"},
    {{0xA4, 0x30, 0x7A}, "Samsung"},
    {{0xA4, 0x31, 0x35}, "Apple"},
    {{0xA4, 0x34, 0xD9}, "Intel"},
    {{0xA4, 0x34, 0xF1}, "Texas Instruments"},
    {{0xA4, 0x42, 0x3B}, "Intel"},
    {{0xA4, 0x45, 0x19}, "Xiaomi"},
    {{0xA4, 0x4B, 0xD5}, "Xiaomi"},
    {{0xA4, 0x4E, 0x31}, "Intel"},
    {{0xA4, 0x50, 0x46}, "Xiaomi"},
    {{0xA4, 0x51, 0x6F}, "Microsoft"},
    {{0xA4, 0x55, 0x90}, "Xiaomi"},
    {{0xA4, 0x5C, 0x25}, "Texas Instruments"},
    {{0xA4, 0x5E, 0x60}, "Apple"},
    {{0xA4, 0x67, 0x06}, "Apple"},
    {{0xA4, 0x6B, 0xB6}, "Intel"},
    {{0xA4, 0x6C, 0xF1}, "Samsung"},
    {{0xA4, 0x70, 0xD6}, "Motorola"},
    {{0xA4, 0x75, 0xB9}, "Samsung"},
    {{0xA4, 0x77, 0x33}, "Google"},
    {{0xA4, 0x77, 0xF3}, "Apple"},
    {{0xA4, 0x7B, 0x9D}, "Espressif"},
    {{0xA4, 0x83, 0xE7}, "Apple"},
    {{0xA4, 0x84, 0x31}, "Samsung"},
    {{0xA4, 0x9A, 0x58}, "Samsung"},
    {{0xA4, 0x9D, 0xDD}, "Samsung"},
    {{0xA4, 0x9F, 0xE7}, "Samsung"},
    {{0xA4, 0xA4, 0x90}, "Samsung"},
    {{0xA4, 0xAE, 0x11}, "Foxconn"},
    {{0xA4, 0xAE, 0x12}, "Foxconn"},
    {{0xA4, 0xB0, 0xF5}, "Texas Instruments"},
    {{0xA4, 0xB1, 0x97}, "Apple"},
    {{0xA4, 0xB1, 0xC1}, "Intel"},
    {{0xA4, 0xB8, 0x05}, "Apple"},
    {{0xA4, 0xBF, 0x01}, "Intel"},
    {{0xA4, 0xC3, 0x37}, "Apple"},
    {{0xA4, 0xC3, 0x4E}, "Texas Instruments"},
    {{0xA4, 0xC3, 0x61}, "Apple"},
    {{0xA4, 0xC3, 0xBE}, "Xiaomi"},
    {{0xA4, 0xC3, 0xF0}, "Intel"},
    {{0xA4, 0xC4, 0x94}, "Intel"},
    {{0xA4, 0xC6, 0x9A}, "Samsung"},
    {{0xA4, 0xC6, 0xF0}, "Apple"},
    {{0xA4, 0xC7, 0x88}, "Xiaomi"},
    {{0xA4, 0xCB, 0x8F}, "Espressif"},
    {{0xA4, 0xCC, 0xB3}, "Xiaomi"},
    {{0xA4, 0xCF, 0x12}, "Espressif"},
    {{0xA4, 0xCF, 0x99}, "Apple"},
    {{0xA4, 0xD1, 0x8C}, "Apple"},
    {{0xA4, 0xD1, 0xD2}, "Apple"},
    {{0xA4, 0xD2, 0x3E}, "Apple"},
    {{0xA4, 0xD5, 0x78}, "Texas Instruments"},
    {{0xA4, 0xD9, 0x31}, "Apple"},
    {{0xA4, 0xD9, 0x90}, "Samsung"},
    {{0xA4, 0xDA, 0x32}, "Texas Instruments"},
    {{0xA4, 0xDB, 0x30}, "Liteon"},
    {{0xA4, 0xE2, 0x87}, "Xiaomi"},
    {{0xA4, 0xE5, 0x7C}, "Espressif"},
    {{0xA4, 0xE9, 0x75}, "Apple"},
    {{0xA4, 0xEB, 0xD3}, "Samsung"},
    {{0xA4, 0xF0, 0x0F}, "Espressif"},
    {{0xA4, 0xF1, 0xE8}, "Apple"},
    {{0xA4, 0xF6, 0xE6}, "Apple"},
    {{0xA4, 0xF6, 0xE8}, "Apple"},
    {{0xA4, 0xF8, 0x41}, "Apple"},
    {{0xA4, 0xF9, 0x21}, "Apple"},
    {{0xA4, 0xF9, 0x33}, "Intel"},
    {{0xA4, 0xFC, 0x14}, "Apple"},
    {{0xA4, 0xFF, 0x9F}, "Xiaomi"},
    {{0xA8, 0x03, 0x2A}, "Espressif"},
    {{0xA8, 0x06, 0x00}, "Samsung"},
    {{0xA8, 0x10, 0x87}, "Texas Instruments"},
    {{0xA8, 0x15, 0x4D}, "TP-Link"},
    {{0xA8, 0x16, 0xB2}, "LG"},
    {{0xA8, 0x16, 0xD0}, "Samsung"},
    {{0xA8, 0x1A, 0xF1}, "Apple"},
    {{0xA8, 0x1B, 0x6A}, "Texas Instruments"},
    {{0xA8, 0x1D, 0x16}, "AzureWave"},
    {{0xA8, 0x20, 0x66}, "Apple"},
    {{0xA8, 0x23, 0xFE}, "LG"},
    {{0xA8, 0x29, 0x48}, "TP-Link"},
    {{0xA8, 0x29, 0xDC}, "TP-Link"},
    {{0xA8, 0x2B, 0xB9}, "Samsung"},
    {{0xA8, 0x2B, 0xD5}, "Xiaomi"},
    {{0xA8, 0x2C, 0x89}, "Apple"},
    {{0xA8, 0x30, 0xBC}, "Samsung"},
    {{0xA8, 0x34, 0x6A}, "Samsung"},
    {{0xA8, 0x41, 0xF4}, "AzureWave"},
    {{0xA8, 0x42, 0xA1}, "TP-Link"},
    {{0xA8, 0x42, 0xE3}, "Espressif"},
    {{0xA8, 0x46, 0x74}, "Espressif"},
    {{0xA8, 0x47, 0x4A}, "Foxconn"},
    {{0xA8, 0x48, 0xFA}, "Espressif"},
    {{0xA8, 0x4A, 0x28}, "Apple"},
    {{0xA8, 0x4B, 0x4D}, "Samsung"},
    {{0xA8, 0x51, 0x5B}, "Samsung"},
    {{0xA8, 0x51, 0xAB}, "Apple"},
    {{0xA8, 0x57, 0x4E}, "TP-Link"},
    {{0xA8, 0x59, 0x5F}, "Intel"},
    {{0xA8, 0x5B, 0x78}, "Apple"},
    {{0xA8, 0x5B, 0xB7}, "Apple"},
    {{0xA8, 0x5C, 0x2C}, "Apple"},
    {{0xA8, 0x5E, 0x45}, "ASUS"},
    {{0xA8, 0x5F, 0x61}, "Apple"},
    {{0xA8, 0x60, 0xB6}, "Apple"},
    {{0xA8, 0x61, 0xEC}, "Texas Instruments"},
    {{0xA8, 0x63, 0xF2}, "Texas Instruments"},
    {{0xA8, 0x64, 0xF1}, "Intel"},
    {{0xA8, 0x66, 0x7F}, "Apple"},
    {{0xA8, 0x6A, 0x86}, "Xiaomi"},
    {{0xA8, 0x6B, 0xAD}, "Foxconn"},
    {{0xA8, 0x6D, 0xAA}, "Intel"},
    {{0xA8, 0x6E, 0x84}, "TP-Link"},
    {{0xA8, 0x72, 0x4D}, "Intel"},
    {{0xA8, 0x76, 0x50}, "Samsung"},
    {{0xA8, 0x79, 0x8D}, "Samsung"},
    {{0xA8, 0x7C, 0x01}, "Samsung"},
    {{0xA8, 0x7C, 0xF8}, "Apple"},
    {{0xA8, 0x7E, 0xEA}, "Intel"},
    {{0xA8, 0x81, 0x7E}, "Apple"},
    {{0xA8, 0x81, 0x95}, "Samsung"},
    {{0xA8, 0x86, 0xDD}, "Apple"},
    {{0xA8, 0x87, 0xB3}, "Samsung"},
    {{0xA8, 0x88, 0x08}, "Apple"},
    {{0xA8, 0x8C, 0x3E}, "Microsoft"},
    {{0xA8, 0x8E, 0x24}, "Apple"},
    {{0xA8, 0x8F, 0xD9}, "Apple"},
    {{0xA8, 0x91, 0x3D}, "Apple"},
    {{0xA8, 0x92, 0x2C}, "LG"},
    {{0xA8, 0x96, 0x75}, "Motorola"},
    {{0xA8, 0x96, 0x8A}, "Apple"},
    {{0xA8, 0x9C, 0x78}, "Apple"},
    {{0xA8, 0x9C, 0xED}, "Xiaomi"},
    {{0xA8, 0x9F, 0xBA}, "Samsung"},
    {{0xA8, 0xA7, 0x95}, "Foxconn"},
    {{0xA8, 0xAB, 0xB5}, "Apple"},
    {{0xA8, 0xB8, 0x6E}, "LG"},
    {{0xA8, 0xBA, 0x69}, "Samsung"},
    {{0xA8, 0xBB, 0x56}, "Apple"},
    {{0xA8, 0xBB, 0xCF}, "Apple"},
    {{0xA8, 0xBE, 0x27}, "Apple"},
    {{0xA8, 0xCA, 0x77}, "Amazon"},
    {{0xA8, 0xCA, 0xB9}, "Samsung"},
    {{0xA8, 0xD1, 0x62}, "Samsung"},
    {{0xA8, 0xDB, 0x03}, "Samsung"},
    {{0xA8, 0xE2, 0x91}, "AzureWave"},
    {{0xA8, 0xE2, 0xC1}, "Texas Instruments"},
    {{0xA8, 0xE3, 0xEE}, "Sony"},
    {{0xA8, 0xE6, 0x21}, "Amazon"},
    {{0xA8, 0xE7, 0x7D}, "Texas Instruments"},
    {{0xA8, 0xEE, 0x67}, "Samsung"},
    {{0xA8, 0xF2, 0x74}, "Samsung"},
    {{0xA8, 0xFA, 0xD8}, "Apple"},
    {{0xA8, 0xFE, 0x9D}, "Apple"},
    {{0xAC, 0x00, 0x7A}, "Apple"},
    {{0xAC, 0x05, 0xC7}, "Intel"},
    {{0xAC, 0x07, 0x75}, "Apple"},
    {{0xAC, 0x0B, 0xFB}, "Espressif"},
    {{0xAC, 0x0D, 0x1B}, "LG"},
    {{0xAC, 0x12, 0x03}, "Intel"},
    {{0xAC, 0x15, 0x18}, "Espressif"},
    {{0xAC, 0x15, 0xA2}, "TP-Link"},
    {{0xAC, 0x15, 0xF4}, "Apple"},
    {{0xAC, 0x16, 0x15}, "Apple"},
    {{0xAC, 0x16, 0xDE}, "Intel"},
    {{0xAC, 0x19, 0x8E}, "Intel"},
    {{0xAC, 0x1D, 0x06}, "Apple"},
    {{0xAC, 0x1E, 0x92}, "Samsung"},
    {{0xAC, 0x1E, 0x9E}, "Xiaomi"},
    {{0xAC, 0x1F, 0x0F}, "Texas Instruments"},
    {{0xAC, 0x1F, 0x74}, "Apple"},
    {{0xAC, 0x22, 0x0B}, "ASUS"},
    {{0xAC, 0x27, 0x6E}, "Espressif"},
    {{0xAC, 0x29, 0x3A}, "Apple"},
    {{0xAC, 0x2B, 0x6E}, "Intel"},
    {{0xAC, 0x36, 0x13}, "Samsung"},
    {{0xAC, 0x36, 0x1B}, "Foxconn"},
    {{0xAC, 0x3C, 0x0B}, "Apple"},
    {{0xAC, 0x3D, 0xCB}, "Intel"},
    {{0xAC, 0x3E, 0xB1}, "Google"},
    {{0xAC, 0x41, 0x6A}, "Amazon"},
    {{0xAC, 0x45, 0x00}, "Apple"},
    {{0xAC, 0x45, 0xEF}, "Intel"},
    {{0xAC, 0x49, 0xDB}, "Apple"},
    {{0xAC, 0x4D, 0x16}, "Texas Instruments"},
    {{0xAC, 0x53, 0x22}, "Samsung"},
    {{0xAC, 0x5A, 0x14}, "Samsung"},
    {{0xAC, 0x5A, 0xF0}, "LG"},
    {{0xAC, 0x5A, 0xFC}, "Intel"},
    {{0xAC, 0x5C, 0x2C}, "Apple"},
    {{0xAC, 0x5F, 0x3E}, "Samsung"},
    {{0xAC, 0x5F, 0xEA}, "OnePlus"},
    {{0xAC, 0x61, 0xEA}, "Apple"},
    {{0xAC, 0x63, 0xBE}, "Amazon"},
    {{0xAC, 0x67, 0x5D}, "Intel"},
    {{0xAC, 0x67, 0x84}, "Google"},
    {{0xAC, 0x67, 0xB2}, "Espressif"},
    {{0xAC, 0x6C, 0x90}, "Samsung"},
    {{0xAC, 0x72, 0x89}, "Intel"},
    {{0xAC, 0x74, 0xB1}, "Intel"},
    {{0xAC, 0x7B, 0xA1}, "Intel"},
    {{0xAC, 0x7F, 0x3E}, "Apple"},
    {{0xAC, 0x80, 0x0A}, "Sony"},
    {{0xAC, 0x80, 0xFB}, "Samsung"},
    {{0xAC, 0x82, 0x47}, "Intel"},
    {{0xAC, 0x82, 0xF0}, "Apple"},
    {{0xAC, 0x83, 0xF3}, "AmpAK"},
    {{0xAC, 0x84, 0xC6}, "TP-Link"},
    {{0xAC, 0x86, 0xA3}, "Apple"},
    {{0xAC, 0x87, 0xA3}, "Apple"},
    {{0xAC, 0x88, 0xFD}, "Apple"},
    {{0xAC, 0x89, 0x95}, "AzureWave"},
    {{0xAC, 0x8E, 0xBD}, "Microsoft"},
    {{0xAC, 0x90, 0x85}, "Apple"},
    {{0xAC, 0x97, 0x38}, "Apple"},
    {{0xAC, 0x9B, 0x0A}, "Sony"},
    {{0xAC, 0x9E, 0x17}, "ASUS"},
    {{0xAC, 0xA7, 0x04}, "Espressif"},
    {{0xAC, 0xA7, 0xF1}, "TP-Link"},
    {{0xAC, 0xA8, 0x99}, "Texas Instruments"},
    {{0xAC, 0xAF, 0xB9}, "Samsung"},
    {{0xAC, 0xB5, 0x7D}, "Liteon"},
    {{0xAC, 0xBC, 0x32}, "Apple"},
    {{0xAC, 0xBC, 0xB5}, "Apple"},
    {{0xAC, 0xC0, 0x48}, "OnePlus"},
    {{0xAC, 0xC1, 0xEE}, "Xiaomi"},
    {{0xAC, 0xC3, 0x3A}, "Samsung"},
    {{0xAC, 0xC9, 0x06}, "Apple"},
    {{0xAC, 0xCC, 0xFC}, "Amazon"},
    {{0xAC, 0xCF, 0x5C}, "Apple"},
    {{0xAC, 0xD0, 0x74}, "Espressif"},
    {{0xAC, 0xD1, 0xB8}, "Foxconn"},
    {{0xAC, 0xD6, 0x18}, "OnePlus"},
    {{0xAC, 0xDF, 0xA1}, "Apple"},
    {{0xAC, 0xE0, 0x10}, "Liteon"},
    {{0xAC, 0xE4, 0xB5}, "Apple"},
    {{0xAC, 0xE6, 0xBB}, "Google"},
    {{0xAC, 0xEB, 0xE6}, "Espressif"},
    {{0xAC, 0xED, 0x5C}, "Intel"},
    {{0xAC, 0xEE, 0x9E}, "Samsung"},
    {{0xAC, 0xF6, 0xF7}, "LG"},
    {{0xAC, 0xF7, 0xF3}, "Xiaomi"},
    {{0xAC, 0xFD, 0xCE}, "Intel"},
    {{0xAC, 0xFD, 0xEC}, "Apple"},
    {{0xB0, 0x02, 0x47}, "AmpAK"},
    {{0xB0, 0x05, 0x94}, "Liteon"},
    {{0xB0, 0x10, 0x41}, "Foxconn"},
    {{0xB0, 0x10, 0xA0}, "Texas Instruments"},
    {{0xB0, 0x18, 0x31}, "Apple"},
    {{0xB0, 0x19, 0x21}, "TP-Link"},
    {{0xB0, 0x19, 0xC6}, "Apple"},
    {{0xB0, 0x2A, 0x43}, "Google"},
    {{0xB0, 0x34, 0x95}, "Apple"},
    {{0xB0, 0x35, 0x9F}, "Intel"},
    {{0xB0, 0x35, 0xB5}, "Apple"},
    {{0xB0, 0x37, 0x95}, "LG"},
    {{0xB0, 0x3C, 0xDC}, "Intel"},
    {{0xB0, 0x3F, 0x64}, "Apple"},
    {{0xB0, 0x3F, 0xD3}, "Espressif"},
    {{0xB0, 0x47, 0xBF}, "Samsung"},
    {{0xB0, 0x47, 0xE9}, "Intel"},
    {{0xB0, 0x48, 0x1A}, "Apple"},
    {{0xB0, 0x48, 0x7A}, "TP-Link"},
    {{0xB0, 0x4A, 0x6A}, "Samsung"},
    {{0xB0, 0x4A, 0xB4}, "Motorola"},
    {{0xB0, 0x4E, 0x26}, "TP-Link"},
    {{0xB0, 0x52, 0x16}, "Foxconn"},
    {{0xB0, 0x54, 0x76}, "Samsung"},
    {{0xB0, 0x60, 0x88}, "Intel"},
    {{0xB0, 0x64, 0xE0}, "Samsung"},
    {{0xB0, 0x65, 0x3A}, "Murata"},
    {{0xB0, 0x65, 0xBD}, "Apple"},
    {{0xB0, 0x67, 0xB5}, "Apple"},
    {{0xB0, 0x6A, 0x41}, "Google"},
    {{0xB0, 0x6E, 0xBF}, "ASUS"},
    {{0xB0, 0x6F, 0xE0}, "Samsung"},
    {{0xB0, 0x70, 0x2D}, "Apple"},
    {{0xB0, 0x72, 0x19}, "Apple"},
    {{0xB0, 0x72, 0xBF}, "Murata"},
    {{0xB0, 0x73, 0x9C}, "Amazon"},
    {{0xB0, 0x79, 0x94}, "Motorola"},
    {{0xB0, 0x7D, 0x64}, "Intel"},
    {{0xB0, 0x7E, 0x11}, "Texas Instruments"},
    {{0xB0, 0x81, 0x84}, "Espressif"},
    {{0xB0, 0x82, 0xE2}, "ASUS"},
    {{0xB0, 0x8B, 0xA8}, "Amazon"},
    {{0xB0, 0x8C, 0x75}, "Apple"},
    {{0xB0, 0x91, 0x22}, "Texas Instruments"},
    {{0xB0, 0x92, 0x00}, "Apple"},
    {{0xB0, 0x95, 0x75}, "TP-Link"},
    {{0xB0, 0x95, 0x8E}, "TP-Link"},
    {{0xB0, 0x99, 0xD7}, "Samsung"},
    {{0xB0, 0x9C, 0x63}, "Xiaomi"},
    {{0xB0, 0x9C, 0xB2}, "Google"},
    {{0xB0, 0x9F, 0xBA}, "Apple"},
    {{0xB0, 0xA4, 0x60}, "Intel"},
    {{0xB0, 0xA6, 0x04}, "Espressif"},
    {{0xB0, 0xA7, 0x32}, "Espressif"},
    {{0xB0, 0xA7, 0xB9}, "TP-Link"},
    {{0xB0, 0xB1, 0x13}, "Texas Instruments"},
    {{0xB0, 0xB2, 0x1C}, "Espressif"},
    {{0xB0, 0xB4, 0x48}, "Texas Instruments"},
    {{0xB0, 0xBE, 0x76}, "TP-Link"},
    {{0xB0, 0xBE, 0x83}, "Apple"},
    {{0xB0, 0xC2, 0xC7}, "Motorola"},
    {{0xB0, 0xC4, 0xE7}, "Samsung"},
    {{0xB0, 0xC5, 0x59}, "Samsung"},
    {{0xB0, 0xCA, 0x68}, "Apple"},
    {{0xB0, 0xCB, 0xD8}, "Espressif"},
    {{0xB0, 0xCF, 0xCB}, "Amazon"},
    {{0xB0, 0xD0, 0x9C}, "Samsung"},
    {{0xB0, 0xD2, 0x78}, "Texas Instruments"},
    {{0xB0, 0xD5, 0x76}, "Apple"},
    {{0xB0, 0xD5, 0xCC}, "Texas Instruments"},
    {{0xB0, 0xD5, 0xFB}, "Google"},
    {{0xB0, 0xDC, 0xEF}, "Intel"},
    {{0xB0, 0xDE, 0x28}, "Apple"},
    {{0xB0, 0xDE, 0x31}, "Samsung"},
    {{0xB0, 0xDF, 0x3A}, "Samsung"},
    {{0xB0, 0xE2, 0x35}, "Xiaomi"},
    {{0xB0, 0xE4, 0x5C}, "Samsung"},
    {{0xB0, 0xE4, 0xD5}, "Google"},
    {{0xB0, 0xE5, 0xEF}, "Apple"},
    {{0xB0, 0xE5, 0xF9}, "Apple"},
    {{0xB0, 0xEC, 0x71}, "Samsung"},
    {{0xB0, 0xEE, 0x45}, "AzureWave"},
    {{0xB0, 0xF1, 0xD8}, "Apple"},
    {{0xB0, 0xF1, 0xEC}, "AmpAK"},
    {{0xB0, 0xF2, 0xF6}, "Samsung"},
    {{0xB0, 0xF5, 0xC8}, "AmpAK"},
    {{0xB0, 0xF7, 0xC4}, "Amazon"},
    {{0xB0, 0xFC, 0x0D}, "Amazon"},
    {{0xB4, 0x05, 0xA1}, "Xiaomi"},
    {{0xB4, 0x07, 0xF9}, "Samsung"},
    {{0xB4, 0x0A, 0xD8}, "Sony"},
    {{0xB4, 0x0B, 0x1D}, "Samsung"},
    {{0xB4, 0x0E, 0xDE}, "Intel"},
    {{0xB4, 0x10, 0x7A}, "Amazon"},
    {{0xB4, 0x10, 0x7B}, "Texas Instruments"},
    {{0xB4, 0x13, 0x24}, "Google"},
    {{0xB4, 0x15, 0x84}, "Samsung"},
    {{0xB4, 0x18, 0xD1}, "Apple"},
    {{0xB4, 0x19, 0x74}, "Apple"},
    {{0xB4, 0x1A, 0x1D}, "Samsung"},
    {{0xB4, 0x1B, 0xB0}, "Apple"},
    {{0xB4, 0x1F, 0x4D}, "Sony"},
    {{0xB4, 0x23, 0xA2}, "Google"},
    {{0xB4, 0x3A, 0x28}, "Samsung"},
    {{0xB4, 0x3A, 0x45}, "Espressif"},
    {{0xB4, 0x40, 0xA4}, "Apple"},
    {{0xB4, 0x40, 0xDC}, "Samsung"},
    {{0xB4, 0x4B, 0xD2}, "Apple"},
    {{0xB4, 0x52, 0x7D}, "Sony"},
    {{0xB4, 0x52, 0x7E}, "Sony"},
    {{0xB4, 0x52, 0xA9}, "Texas Instruments"},
    {{0xB4, 0x55, 0x75}, "Apple"},
    {{0xB4, 0x56, 0xE3}, "Apple"},
    {{0xB4, 0x59, 0x76}, "Apple"},
    {{0xB4, 0x5B, 0xD1}, "TP-Link"},
    {{0xB4, 0x62, 0x93}, "Samsung"},
    {{0xB4, 0x69, 0x21}, "Intel"},
    {{0xB4, 0x6B, 0xFC}, "Intel"},
    {{0xB4, 0x6D, 0x83}, "Intel"},
    {{0xB4, 0x70, 0x64}, "Samsung"},
    {{0xB4, 0x74, 0x43}, "Samsung"},
    {{0xB4, 0x79, 0xA7}, "Samsung"},
    {{0xB4, 0x7C, 0x9C}, "Amazon"},
    {{0xB4, 0x83, 0x51}, "Intel"},
    {{0xB4, 0x85, 0xE1}, "Apple"},
    {{0xB4, 0x8A, 0x0A}, "Espressif"},
    {{0xB4, 0x8B, 0x19}, "Apple"},
    {{0xB4, 0x8C, 0x9D}, "AzureWave"},
    {{0xB4, 0x96, 0x91}, "Intel"},
    {{0xB4, 0x96, 0xA5}, "Apple"},
    {{0xB4, 0x99, 0x4C}, "Texas Instruments"},
    {{0xB4, 0x9C, 0xDF}, "Apple"},
    {{0xB4, 0x9D, 0x02}, "Samsung"},
    {{0xB4, 0xAC, 0x9D}, "Texas Instruments"},
    {{0xB4, 0xAE, 0x2B}, "Microsoft"},
    {{0xB4, 0xAE, 0xC1}, "Apple"},
    {{0xB4, 0xB0, 0x24}, "TP-Link"},
    {{0xB4, 0xB2, 0x91}, "LG"},
    {{0xB4, 0xB6, 0x76}, "Intel"},
    {{0xB4, 0xB7, 0x42}, "Amazon"},
    {{0xB4, 0xBC, 0x7C}, "Texas Instruments"},
    {{0xB4, 0xBF, 0xE9}, "Espressif"},
    {{0xB4, 0xBF, 0xF6}, "Samsung"},
    {{0xB4, 0xC0, 0xC3}, "TP-Link"},
    {{0xB4, 0xC4, 0xFC}, "Xiaomi"},
    {{0xB4, 0xCE, 0x40}, "Samsung"},
    {{0xB4, 0xD5, 0xBD}, "Intel"},
    {{0xB4, 0xD5, 0xE5}, "Samsung"},
    {{0xB4, 0xE1, 0xC4}, "Microsoft"},
    {{0xB4, 0xE3, 0xD0}, "LG"},
    {{0xB4, 0xE4, 0x54}, "Amazon"},
    {{0xB4, 0xE6, 0x2D}, "Espressif"},
    {{0xB4, 0xEE, 0xD4}, "Texas Instruments"},
    {{0xB4, 0xEF, 0x39}, "Samsung"},
    {{0xB4, 0xF0, 0xAB}, "Apple"},
    {{0xB4, 0xF1, 0xDA}, "LG"},
    {{0xB4, 0xF6, 0x1C}, "Apple"},
    {{0xB4, 0xF7, 0xA1}, "LG"},
    {{0xB4, 0xFA, 0x48}, "Apple"},
    {{0xB8, 0x01, 0x1F}, "Apple"},
    {{0xB8, 0x03, 0x05}, "Intel"},
    {{0xB8, 0x05, 0x33}, "Apple"},
    {{0xB8, 0x08, 0xCF}, "Intel"},
    {{0xB8, 0x09, 0x8A}, "Apple"},
    {{0xB8, 0x13, 0x32}, "AmpAK"},
    {{0xB8, 0x14, 0x4D}, "Apple"},
    {{0xB8, 0x17, 0xC2}, "Apple"},
    {{0xB8, 0x1D, 0xAA}, "LG"},
    {{0xB8, 0x1E, 0xA4}, "Liteon"},
    {{0xB8, 0x1F, 0x3F}, "Espressif"},
    {{0xB8, 0x21, 0x1C}, "Apple"},
    {{0xB8, 0x22, 0x0C}, "Apple"},
    {{0xB8, 0x27, 0xEB}, "Raspberry Pi"},
    {{0xB8, 0x2A, 0xA9}, "Apple"},
    {{0xB8, 0x2D, 0x28}, "AmpAK"},
    {{0xB8, 0x31, 0xB5}, "Microsoft"},
    {{0xB8, 0x34, 0x46}, "Motorola"},
    {{0xB8, 0x37, 0x4A}, "Apple"},
    {{0xB8, 0x3B, 0xCC}, "Xiaomi"},
    {{0xB8, 0x3C, 0x28}, "Apple"},
    {{0xB8, 0x3D, 0xF6}, "Texas Instruments"},
    {{0xB8, 0x41, 0xA4}, "Apple"},
    {{0xB8, 0x44, 0xD9}, "Apple"},
    {{0xB8, 0x45, 0xEB}, "Apple"},
    {{0xB8, 0x49, 0x6D}, "Apple"},
    {{0xB8, 0x4F, 0xA7}, "Apple"},
    {{0xB8, 0x4F, 0xD5}, "Microsoft"},
    {{0xB8, 0x53, 0x84}, "Xiaomi"},
    {{0xB8, 0x53, 0xAC}, "Apple"},
    {{0xB8, 0x57, 0xD8}, "Samsung"},
    {{0xB8, 0x5A, 0x73}, "Samsung"},
    {{0xB8, 0x5C, 0x5C}, "Microsoft"},
    {{0xB8, 0x5D, 0x0A}, "Apple"},
    {{0xB8, 0x5E, 0x7B}, "Samsung"},
    {{0xB8, 0x5F, 0x98}, "Amazon"},
    {{0xB8, 0x63, 0x4D}, "Apple"},
    {{0xB8, 0x6C, 0xE8}, "Samsung"},
    {{0xB8, 0x76, 0x3F}, "Foxconn"},
    {{0xB8, 0x78, 0x2E}, "Apple"},
    {{0xB8, 0x7B, 0x4D}, "Espressif"},
    {{0xB8, 0x7B, 0xC5}, "Apple"},
    {{0xB8, 0x7B, 0xD4}, "Google"},
    {{0xB8, 0x7E, 0x39}, "Motorola"},
    {{0xB8, 0x80, 0x4F}, "Texas Instruments"},
    {{0xB8, 0x81, 0x98}, "Intel"},
    {{0xB8, 0x81, 0xFA}, "Apple"},
    {{0xB8, 0x86, 0x87}, "Liteon"},
    {{0xB8, 0x8A, 0x60}, "Intel"},
    {{0xB8, 0x8D, 0x12}, "Apple"},
    {{0xB8, 0x90, 0x47}, "Apple"},
    {{0xB8, 0x94, 0xD9}, "Texas Instruments"},
    {{0xB8, 0x94, 0xE7}, "Xiaomi"},
    {{0xB8, 0x98, 0xAD}, "Motorola"},
    {{0xB8, 0x9A, 0x2A}, "Intel"},
    {{0xB8, 0xA0, 0xB8}, "Samsung"},
    {{0xB8, 0xA2, 0x5D}, "Motorola"},
    {{0xB8, 0xA8, 0x25}, "Samsung"},
    {{0xB8, 0xB2, 0xF8}, "Apple"},
    {{0xB8, 0xB4, 0x09}, "Samsung"},
    {{0xB8, 0xB8, 0x1E}, "Intel"},
    {{0xB8, 0xBA, 0x66}, "Microsoft"},
    {{0xB8, 0xBB, 0xAF}, "Samsung"},
    {{0xB8, 0xBC, 0x5B}, "Samsung"},
    {{0xB8, 0xBF, 0x83}, "Intel"},
    {{0xB8, 0xC1, 0x11}, "Apple"},
    {{0xB8, 0xC6, 0x8E}, "Samsung"},
    {{0xB8, 0xC7, 0x5D}, "Apple"},
    {{0xB8, 0xD6, 0x1A}, "Espressif"},
    {{0xB8, 0xD7, 0xAF}, "Murata"},
    {{0xB8, 0xD9, 0xCE}, "Samsung"},
    {{0xB8, 0xDA, 0x5E}, "Texas Instruments"},
    {{0xB8, 0xDB, 0x38}, "Google"},
    {{0xB8, 0xE6, 0x0C}, "Apple"},
    {{0xB8, 0xE8, 0x56}, "Apple"},
    {{0xB8, 0xEA, 0x98}, "Xiaomi"},
    {{0xB8, 0xEE, 0x65}, "Liteon"},
    {{0xB8, 0xF0, 0x09}, "Espressif"},
    {{0xB8, 0xF1, 0x2A}, "Apple"},
    {{0xB8, 0xF4, 0xA4}, "Google"},
    {{0xB8, 0xF6, 0xB1}, "Apple"},
    {{0xB8, 0xF7, 0x75}, "Intel"},
    {{0xB8, 0xF8, 0x62}, "Espressif"},
    {{0xB8, 0xF8, 0x83}, "TP-Link"},
    {{0xB8, 0xF9, 0x34}, "Sony"},
    {{0xB8, 0xFB, 0xB3}, "TP-Link"},
    {{0xB8, 0xFF, 0x61}, "Apple"},
    {{0xB8, 0xFF, 0xFE}, "Texas Instruments"},
    {{0xBC, 0x03, 0x58}, "Intel"},
    {{0xBC, 0x07, 0x1D}, "TP-Link"},
    {{0xBC, 0x09, 0x1B}, "Intel"},
    {{0xBC, 0x09, 0x63}, "Apple"},
    {{0xBC, 0x0D, 0xA5}, "Texas Instruments"},
    {{0xBC, 0x0E, 0xAB}, "Samsung"},
    {{0xBC, 0x0F, 0x64}, "Intel"},
    {{0xBC, 0x10, 0x7B}, "Samsung"},
    {{0xBC, 0x14, 0x85}, "Samsung"},
    {{0xBC, 0x17, 0xB8}, "Intel"},
    {{0xBC, 0x1D, 0x89}, "Motorola"},
    {{0xBC, 0x20, 0xA4}, "Samsung"},
    {{0xBC, 0x27, 0x7A}, "Samsung"},
    {{0xBC, 0x32, 0xB2}, "Samsung"},
    {{0xBC, 0x33, 0x29}, "Sony"},
    {{0xBC, 0x37, 0xD3}, "Apple"},
    {{0xBC, 0x38, 0x98}, "Intel"},
    {{0xBC, 0x3B, 0xAF}, "Apple"},
    {{0xBC, 0x44, 0x86}, "Samsung"},
    {{0xBC, 0x45, 0x5B}, "Samsung"},
    {{0xBC, 0x46, 0x99}, "TP-Link"},
    {{0xBC, 0x47, 0x60}, "Samsung"},
    {{0xBC, 0x4C, 0xC4}, "Apple"},
    {{0xBC, 0x4F, 0x2D}, "Apple"},
    {{0xBC, 0x52, 0x74}, "Samsung"},
    {{0xBC, 0x52, 0xB7}, "Apple"},
    {{0xBC, 0x54, 0x2F}, "Intel"},
    {{0xBC, 0x54, 0x36}, "Apple"},
    {{0xBC, 0x54, 0x51}, "Samsung"},
    {{0xBC, 0x60, 0xA7}, "Sony"},
    {{0xBC, 0x61, 0x93}, "Xiaomi"},
    {{0xBC, 0x67, 0x78}, "Apple"},
    {{0xBC, 0x6A, 0x29}, "Texas Instruments"},
    {{0xBC, 0x6A, 0xD1}, "Xiaomi"},
    {{0xBC, 0x6C, 0x21}, "Apple"},
    {{0xBC, 0x6E, 0x64}, "Sony"},
    {{0xBC, 0x6E, 0xE2}, "Intel"},
    {{0xBC, 0x72, 0xB1}, "Samsung"},
    {{0xBC, 0x74, 0xEA}, "Apple"},
    {{0xBC, 0x76, 0x5E}, "Samsung"},
    {{0xBC, 0x77, 0x37}, "Intel"},
    {{0xBC, 0x79, 0xAD}, "Samsung"},
    {{0xBC, 0x7A, 0xBF}, "Samsung"},
    {{0xBC, 0x7E, 0x8B}, "Samsung"},
    {{0xBC, 0x7F, 0xA4}, "Xiaomi"},
    {{0xBC, 0x80, 0x4E}, "Apple"},
    {{0xBC, 0x83, 0x85}, "Microsoft"},
    {{0xBC, 0x85, 0x1F}, "Samsung"},
    {{0xBC, 0x85, 0x56}, "Foxconn"},
    {{0xBC, 0x89, 0xA7}, "Apple"},
    {{0xBC, 0x89, 0xC1}, "Apple"},
    {{0xBC, 0x8C, 0xCD}, "Samsung"},
    {{0xBC, 0x92, 0x6B}, "Apple"},
    {{0xBC, 0x93, 0x07}, "Samsung"},
    {{0xBC, 0x98, 0xDF}, "Motorola"},
    {{0xBC, 0x9F, 0x58}, "Apple"},
    {{0xBC, 0x9F, 0xEF}, "Apple"},
    {{0xBC, 0xA0, 0x80}, "Samsung"},
    {{0xBC, 0xA5, 0x8B}, "Samsung"},
    {{0xBC, 0xA5, 0xA9}, "Apple"},
    {{0xBC, 0xA8, 0xA6}, "Intel"},
    {{0xBC, 0xA9, 0x20}, "Apple"},
    {{0xBC, 0xAE, 0xC5}, "ASUS"},
    {{0xBC, 0xB1, 0xF3}, "Samsung"},
    {{0xBC, 0xB2, 0xCC}, "Samsung"},
    {{0xBC, 0xB8, 0x63}, "Apple"},
    {{0xBC, 0xBB, 0x58}, "Apple"},
    {{0xBC, 0xBF, 0x2E}, "ASUS"},
    {{0xBC, 0xC7, 0x46}, "Foxconn"},
    {{0xBC, 0xCD, 0x99}, "Intel"},
    {{0xBC, 0xD0, 0x74}, "Apple"},
    {{0xBC, 0xD1, 0x1F}, "Samsung"},
    {{0xBC, 0xD1, 0x77}, "TP-Link"},
    {{0xBC, 0xD2, 0x2C}, "Intel"},
    {{0xBC, 0xDD, 0xC2}, "Espressif"},
    {{0xBC, 0xDF, 0x58}, "Google"},
    {{0xBC, 0xE1, 0x43}, "Apple"},
    {{0xBC, 0xE6, 0x3F}, "Samsung"},
    {{0xBC, 0xEC, 0x5D}, "Apple"},
    {{0xBC, 0xEE, 0x7B}, "ASUS"},
    {{0xBC, 0xF1, 0x05}, "Intel"},
    {{0xBC, 0xF1, 0x71}, "Intel"},
    {{0xBC, 0xF5, 0xAC}, "LG"},
    {{0xBC, 0xF7, 0x30}, "Samsung"},
    {{0xBC, 0xFC, 0xE7}, "ASUS"},
    {{0xBC, 0xFE, 0xD9}, "Apple"},
    {{0xBC, 0xFF, 0x4D}, "Espressif"},
    {{0xBC, 0xFF, 0xEB}, "Motorola"},
    {{0xC0, 0x06, 0xC3}, "TP-Link"},
    {{0xC0, 0x11, 0x73}, "Samsung"},
    {{0xC0, 0x14, 0x3D}, "Foxconn"},
    {{0xC0, 0x15, 0x1B}, "Sony"},
    {{0xC0, 0x16, 0x93}, "Xiaomi"},
    {{0xC0, 0x17, 0x4D}, "Samsung"},
    {{0xC0, 0x17, 0x54}, "Apple"},
    {{0xC0, 0x18, 0x85}, "Foxconn"},
    {{0xC0, 0x1A, 0xDA}, "Apple"},
    {{0xC0, 0x1C, 0x6A}, "Google"},
    {{0xC0, 0x23, 0x8D}, "Samsung"},
    {{0xC0, 0x25, 0xE9}, "TP-Link"},
    {{0xC0, 0x2C, 0x5C}, "Apple"},
    {{0xC0, 0x33, 0x5E}, "Microsoft"},
    {{0xC0, 0x35, 0x32}, "Liteon"},
    {{0xC0, 0x38, 0x96}, "Foxconn"},
    {{0xC0, 0x3A, 0x55}, "TP-Link"},
    {{0xC0, 0x3C, 0x59}, "Intel"},
    {{0xC0, 0x3D, 0x03}, "Samsung"},
    {{0xC0, 0x41, 0xF6}, "LG"},
    {{0xC0, 0x44, 0x42}, "Apple"},
    {{0xC0, 0x48, 0xE6}, "Samsung"},
    {{0xC0, 0x49, 0xEF}, "Espressif"},
    {{0xC0, 0x4A, 0x00}, "TP-Link"},
    {{0xC0, 0x4A, 0x0E}, "Texas Instruments"},
    {{0xC0, 0x4E, 0x30}, "Espressif"},
    {{0xC0, 0x5D, 0x89}, "Espressif"},
    {{0xC0, 0x61, 0x18}, "TP-Link"},
    {{0xC0, 0x63, 0x80}, "Texas Instruments"},
    {{0xC0, 0x63, 0x94}, "Apple"},
    {{0xC0, 0x65, 0x99}, "Samsung"},
    {{0xC0, 0x6B, 0x55}, "Motorola"},
    {{0xC0, 0x6C, 0x0C}, "Apple"},
    {{0xC0, 0x7A, 0xD6}, "Samsung"},
    {{0xC0, 0x84, 0x7A}, "Apple"},
    {{0xC0, 0x84, 0x7D}, "AmpAK"},
    {{0xC0, 0x87, 0xEB}, "Samsung"},
    {{0xC0, 0x89, 0x97}, "Samsung"},
    {{0xC0, 0x8C, 0x71}, "Motorola"},
    {{0xC0, 0x8D, 0x51}, "Amazon"},
    {{0xC0, 0x91, 0xB9}, "Amazon"},
    {{0xC0, 0x95, 0x6D}, "Apple"},
    {{0xC0, 0x95, 0xCF}, "Amazon"},
    {{0xC0, 0x97, 0x27}, "Samsung"},
    {{0xC0, 0x9A, 0xD0}, "Apple"},
    {{0xC0, 0x9F, 0x42}, "Apple"},
    {{0xC0, 0xA5, 0x3E}, "Apple"},
    {{0xC0, 0xA5, 0xE8}, "Intel"},
    {{0xC0, 0xA6, 0x00}, "Apple"},
    {{0xC0, 0xA8, 0x10}, "Intel"},
    {{0xC0, 0xB2, 0x2F}, "Apple"},
    {{0xC0, 0xB6, 0x58}, "Apple"},
    {{0xC0, 0xB6, 0xF9}, "Intel"},
    {{0xC0, 0xB8, 0x83}, "Intel"},
    {{0xC0, 0xBD, 0xC8}, "Samsung"},
    {{0xC0, 0xBD, 0xD1}, "Samsung"},
    {{0xC0, 0xBF, 0xBE}, "AzureWave"},
    {{0xC0, 0xC7, 0xDB}, "Apple"},
    {{0xC0, 0xC9, 0xE3}, "TP-Link"},
    {{0xC0, 0xCB, 0x38}, "Foxconn"},
    {{0xC0, 0xCC, 0xF8}, "Apple"},
    {{0xC0, 0xCD, 0xD6}, "Espressif"},
    {{0xC0, 0xCE, 0xCD}, "Apple"},
    {{0xC0, 0xD0, 0x12}, "Apple"},
    {{0xC0, 0xD2, 0xDD}, "Samsung"},
    {{0xC0, 0xD3, 0xC0}, "Samsung"},
    {{0xC0, 0xD5, 0xE2}, "Samsung"},
    {{0xC0, 0xD6, 0x0A}, "Texas Instruments"},
    {{0xC0, 0xD6, 0xD5}, "Microsoft"},
    {{0xC0, 0xDC, 0xDA}, "Samsung"},
    {{0xC0, 0xE4, 0x22}, "Texas Instruments"},
    {{0xC0, 0xE4, 0x2D}, "TP-Link"},
    {{0xC0, 0xE4, 0x34}, "AzureWave"},
    {{0xC0, 0xE8, 0x62}, "Apple"},
    {{0xC0, 0xEE, 0xFB}, "OnePlus"},
    {{0xC0, 0xF2, 0xFB}, "Apple"},
    {{0xC0, 0xF5, 0x35}, "AmpAK"},
    {{0xC0, 0xF8, 0xDA}, "Foxconn"},
    {{0xC4, 0x03, 0xA8}, "Intel"},
    {{0xC4, 0x0B, 0x31}, "Apple"},
    {{0xC4, 0x0B, 0xCB}, "Xiaomi"},
    {{0xC4, 0x0F, 0x08}, "Intel"},
    {{0xC4, 0x12, 0x34}, "Apple"},
    {{0xC4, 0x14, 0x11}, "Apple"},
    {{0xC4, 0x16, 0x8F}, "Apple"},
    {{0xC4, 0x17, 0xFE}, "Foxconn"},
    {{0xC4, 0x18, 0xE9}, "Samsung"},
    {{0xC4, 0x1C, 0x07}, "Samsung"},
    {{0xC4, 0x23, 0x60}, "Intel"},
    {{0xC4, 0x2A, 0xD0}, "Apple"},
    {{0xC4, 0x2C, 0x03}, "Apple"},
    {{0xC4, 0x35, 0xD9}, "Apple"},
    {{0xC4, 0x3A, 0xBE}, "Sony"},
    {{0xC4, 0x3D, 0x1A}, "Intel"},
    {{0xC4, 0x42, 0x02}, "Samsung"},
    {{0xC4, 0x43, 0x8F}, "LG"},
    {{0xC4, 0x46, 0x19}, "Foxconn"},
    {{0xC4, 0x47, 0x4E}, "Intel"},
    {{0xC4, 0x49, 0x1B}, "Apple"},
    {{0xC4, 0x49, 0x3E}, "Motorola"},
    {{0xC4, 0x4F, 0x33}, "Espressif"},
    {{0xC4, 0x50, 0x06}, "Samsung"},
    {{0xC4, 0x52, 0x4F}, "Apple"},
    {{0xC4, 0x57, 0x46}, "Texas Instruments"},
    {{0xC4, 0x57, 0x6E}, "Samsung"},
    {{0xC4, 0x5B, 0xAC}, "Apple"},
    {{0xC4, 0x5B, 0xBE}, "Espressif"},
    {{0xC4, 0x5D, 0x83}, "Samsung"},
    {{0xC4, 0x61, 0x8B}, "Apple"},
    {{0xC4, 0x61, 0xC7}, "Microsoft"},
    {{0xC4, 0x62, 0xEA}, "Samsung"},
    {{0xC4, 0x64, 0xE3}, "Texas Instruments"},
    {{0xC4, 0x6A, 0xB7}, "Xiaomi"},
    {{0xC4, 0x6E, 0x1F}, "TP-Link"},
    {{0xC4, 0x71, 0x0F}, "Xiaomi"},
    {{0xC4, 0x71, 0x54}, "TP-Link"},
    {{0xC4, 0x73, 0x1E}, "Samsung"},
    {{0xC4, 0x75, 0xAB}, "Intel"},
    {{0xC4, 0x77, 0x64}, "Samsung"},
    {{0xC4, 0x7D, 0x9F}, "Samsung"},
    {{0xC4, 0x84, 0x66}, "Apple"},
    {{0xC4, 0x84, 0xC0}, "Motorola"},
    {{0xC4, 0x84, 0xFC}, "Apple"},
    {{0xC4, 0x85, 0x08}, "Intel"},
    {{0xC4, 0x88, 0xE5}, "Samsung"},
    {{0xC4, 0x8E, 0x8F}, "Foxconn"},
    {{0xC4, 0x91, 0x0C}, "Apple"},
    {{0xC4, 0x93, 0xD9}, "Samsung"},
    {{0xC4, 0x95, 0x00}, "Amazon"},
    {{0xC4, 0x96, 0x9F}, "Amazon"},
    {{0xC4, 0x98, 0x80}, "Apple"},
    {{0xC4, 0x9A, 0x02}, "LG"},
    {{0xC4, 0x9D, 0xED}, "Microsoft"},
    {{0xC4, 0xA0, 0x52}, "Motorola"},
    {{0xC4, 0xAC, 0x59}, "Murata"},
    {{0xC4, 0xAC, 0xAA}, "Apple"},
    {{0xC4, 0xAE, 0x12}, "Samsung"},
    {{0xC4, 0xB3, 0x01}, "Apple"},
    {{0xC4, 0xB3, 0x49}, "Apple"},
    {{0xC4, 0xBD, 0xE5}, "Intel"},
    {{0xC4, 0xBE, 0x84}, "Texas Instruments"},
    {{0xC4, 0xC1, 0x7D}, "Apple"},
    {{0xC4, 0xC3, 0x6B}, "Apple"},
    {{0xC4, 0xCB, 0x76}, "Microsoft"},
    {{0xC4, 0xD0, 0xE3}, "Intel"},
    {{0xC4, 0xD3, 0x6A}, "Texas Instruments"},
    {{0xC4, 0xD8, 0xD5}, "Espressif"},
    {{0xC4, 0xD9, 0x87}, "Intel"},
    {{0xC4, 0xDD, 0x57}, "Espressif"},
    {{0xC4, 0xDE, 0xE2}, "Espressif"},
    {{0xC4, 0xE9, 0x84}, "TP-Link"},
    {{0xC4, 0xED, 0xBA}, "Texas Instruments"},
    {{0xC4, 0xEF, 0x3D}, "Samsung"},
    {{0xC4, 0xF3, 0x12}, "Texas Instruments"},
    {{0xC4, 0xF4, 0x45}, "Apple"},
    {{0xC4, 0xF7, 0xC1}, "Apple"},
    {{0xC4, 0xFF, 0x99}, "Intel"},
    {{0xC8, 0x08, 0xE9}, "LG"},
    {{0xC8, 0x09, 0xA8}, "Intel"},
    {{0xC8, 0x12, 0x0B}, "Samsung"},
    {{0xC8, 0x14, 0x79}, "Samsung"},
    {{0xC8, 0x15, 0x4E}, "Intel"},
    {{0xC8, 0x19, 0xF7}, "Samsung"},
    {{0xC8, 0x1E, 0xE7}, "Apple"},
    {{0xC8, 0x1F, 0xE8}, "Apple"},
    {{0xC8, 0x21, 0x58}, "Intel"},
    {{0xC8, 0x2A, 0x14}, "Apple"},
    {{0xC8, 0x2A, 0xDD}, "Google"},
    {{0xC8, 0x2B, 0x96}, "Espressif"},
    {{0xC8, 0x2E, 0x18}, "Espressif"},
    {{0xC8, 0x33, 0x4B}, "Apple"},
    {{0xC8, 0x34, 0x8E}, "Intel"},
    {{0xC8, 0x38, 0x70}, "Samsung"},
    {{0xC8, 0x3C, 0x85}, "Apple"},
    {{0xC8, 0x3D, 0xDC}, "Xiaomi"},
    {{0xC8, 0x3E, 0x99}, "Texas Instruments"},
    {{0xC8, 0x3F, 0x26}, "Microsoft"},
    {{0xC8, 0x41, 0x8A}, "Samsung"},
    {{0xC8, 0x4A, 0xA0}, "Sony"},
    {{0xC8, 0x51, 0x42}, "Samsung"},
    {{0xC8, 0x58, 0x95}, "Motorola"},
    {{0xC8, 0x58, 0xB3}, "Intel"},
    {{0xC8, 0x58, 0xC0}, "Intel"},
    {{0xC8, 0x5E, 0xA9}, "Intel"},
    {{0xC8, 0x60, 0x00}, "ASUS"},
    {{0xC8, 0x63, 0xF1}, "Sony"},
    {{0xC8, 0x69, 0xCD}, "Apple"},
    {{0xC8, 0x6C, 0x3D}, "Amazon"},
    {{0xC8, 0x6E, 0x08}, "Intel"},
    {{0xC8, 0x6F, 0x1D}, "Apple"},
    {{0xC8, 0x75, 0xDD}, "LG"},
    {{0xC8, 0x7E, 0x75}, "Samsung"},
    {{0xC8, 0x7F, 0x54}, "ASUS"},
    {{0xC8, 0x80, 0x6D}, "Apple"},
    {{0xC8, 0x85, 0x41}, "Espressif"},
    {{0xC8, 0x85, 0x50}, "Apple"},
    {{0xC8, 0x89, 0xF3}, "Apple"},
    {{0xC8, 0x8A, 0x9A}, "Intel"},
    {{0xC8, 0x90, 0x8A}, "Samsung"},
    {{0xC8, 0x95, 0xCE}, "Intel"},
    {{0xC8, 0x96, 0x65}, "Microsoft"},
    {{0xC8, 0x9F, 0x0C}, "Motorola"},
    {{0xC8, 0xA0, 0x30}, "Texas Instruments"},
    {{0xC8, 0xA1, 0xDC}, "Motorola"},
    {{0xC8, 0xA6, 0xEF}, "Samsung"},
    {{0xC8, 0xA8, 0x23}, "Samsung"},
    {{0xC8, 0xB1, 0xCD}, "Apple"},
    {{0xC8, 0xB2, 0x9B}, "Intel"},
    {{0xC8, 0xB5, 0xB7}, "Apple"},
    {{0xC8, 0xBA, 0x94}, "Samsung"},
    {{0xC8, 0xBC, 0xC8}, "Apple"},
    {{0xC8, 0xBD, 0x4D}, "Samsung"},
    {{0xC8, 0xBD, 0x69}, "Samsung"},
    {{0xC8, 0xC7, 0x50}, "Motorola"},
    {{0xC8, 0xC8, 0x3F}, "Texas Instruments"},
    {{0xC8, 0xC9, 0xA3}, "Espressif"},
    {{0xC8, 0xCB, 0x9E}, "Intel"},
    {{0xC8, 0xD0, 0x83}, "Apple"},
    {{0xC8, 0xD7, 0xB0}, "Samsung"},
    {{0xC8, 0xD9, 0x59}, "Motorola"},
    {{0xC8, 0xDF, 0x84}, "Texas Instruments"},
    {{0xC8, 0xE0, 0xEB}, "Apple"},
    {{0xC8, 0xE2, 0x65}, "Intel"},
    {{0xC8, 0xF0, 0x9E}, "Espressif"},
    {{0xC8, 0xF3, 0x19}, "LG"},
    {{0xC8, 0xF6, 0x50}, "Apple"},
    {{0xC8, 0xF7, 0x33}, "Intel"},
    {{0xC8, 0xFD, 0x19}, "Texas Instruments"},
    {{0xC8, 0xFF, 0x28}, "Liteon"},
    {{0xCC, 0x03, 0x7B}, "Texas Instruments"},
    {{0xCC, 0x05, 0x1B}, "Samsung"},
    {{0xCC, 0x07, 0xAB}, "Samsung"},
    {{0xCC, 0x08, 0x8D}, "Apple"},
    {{0xCC, 0x08, 0xE0}, "Apple"},
    {{0xCC, 0x08, 0xFA}, "Apple"},
    {{0xCC, 0x08, 0xFB}, "TP-Link"},
    {{0xCC, 0x0D, 0xCB}, "Microsoft"},
    {{0xCC, 0x0D, 0xF2}, "Motorola"},
    {{0xCC, 0x11, 0x5A}, "Apple"},
    {{0xCC, 0x15, 0x31}, "Intel"},
    {{0xCC, 0x20, 0xAC}, "Samsung"},
    {{0xCC, 0x20, 0xE8}, "Apple"},
    {{0xCC, 0x21, 0x19}, "Samsung"},
    {{0xCC, 0x22, 0x93}, "Amazon"},
    {{0xCC, 0x22, 0xFE}, "Apple"},
    {{0xCC, 0x25, 0xEF}, "Apple"},
    {{0xCC, 0x27, 0x46}, "Apple"},
    {{0xCC, 0x28, 0xAA}, "ASUS"},
    {{0xCC, 0x29, 0xF5}, "Apple"},
    {{0xCC, 0x2D, 0x8C}, "LG"},
    {{0xCC, 0x2D, 0xB7}, "Apple"},
    {{0xCC, 0x2F, 0x71}, "Intel"},
    {{0xCC, 0x32, 0xE5}, "TP-Link"},
    {{0xCC, 0x33, 0x31}, "Texas Instruments"},
    {{0xCC, 0x34, 0x29}, "TP-Link"},
    {{0xCC, 0x3A, 0x61}, "Samsung"},
    {{0xCC, 0x3D, 0x82}, "Intel"},
    {{0xCC, 0x3F, 0x36}, "Apple"},
    {{0xCC, 0x42, 0x10}, "Xiaomi"},
    {{0xCC, 0x44, 0x63}, "Apple"},
    {{0xCC, 0x45, 0xA5}, "Texas Instruments"},
    {{0xCC, 0x46, 0x4E}, "Samsung"},
    {{0xCC, 0x47, 0x40}, "AzureWave"},
    {{0xCC, 0x4B, 0x04}, "Apple"},
    {{0xCC, 0x4B, 0x73}, "AmpAK"},
    {{0xCC, 0x50, 0xE3}, "Espressif"},
    {{0xCC, 0x60, 0x23}, "Apple"},
    {{0xCC, 0x60, 0xC8}, "Microsoft"},
    {{0xCC, 0x61, 0xE5}, "Motorola"},
    {{0xCC, 0x66, 0x0A}, "Apple"},
    {{0xCC, 0x68, 0xB6}, "TP-Link"},
    {{0xCC, 0x68, 0xE0}, "Apple"},
    {{0xCC, 0x69, 0xFA}, "Apple"},
    {{0xCC, 0x6E, 0xA4}, "Samsung"},
    {{0xCC, 0x72, 0x2A}, "Apple"},
    {{0xCC, 0x76, 0x45}, "Microsoft"},
    {{0xCC, 0x78, 0x5F}, "Apple"},
    {{0xCC, 0x78, 0xAB}, "Texas Instruments"},
    {{0xCC, 0x7B, 0x5C}, "Espressif"},
    {{0xCC, 0x80, 0x8F}, "Apple"},
    {{0xCC, 0x81, 0x7D}, "Apple"},
    {{0xCC, 0x8C, 0xE3}, "Texas Instruments"},
    {{0xCC, 0x8D, 0xA2}, "Espressif"},
    {{0xCC, 0x98, 0x8B}, "Sony"},
    {{0xCC, 0x9E, 0xA2}, "Amazon"},
    {{0xCC, 0xA7, 0xC1}, "Google"},
    {{0xCC, 0xAF, 0x78}, "Foxconn"},
    {{0xCC, 0xAF, 0xE3}, "Amazon"},
    {{0xCC, 0xB0, 0xB3}, "Microsoft"},
    {{0xCC, 0xB0, 0xDA}, "Liteon"},
    {{0xCC, 0xB1, 0x1A}, "Samsung"},
    {{0xCC, 0xB5, 0x4C}, "Texas Instruments"},
    {{0xCC, 0xB8, 0xA8}, "AmpAK"},
    {{0xCC, 0xBA, 0x97}, "Espressif"},
    {{0xCC, 0xBA, 0xBD}, "TP-Link"},
    {{0xCC, 0xBE, 0x61}, "Apple"},
    {{0xCC, 0xC0, 0x79}, "Murata"},
    {{0xCC, 0xC3, 0xEA}, "Motorola"},
    {{0xCC, 0xC5, 0x30}, "AzureWave"},
    {{0xCC, 0xC7, 0x60}, "Apple"},
    {{0xCC, 0xC9, 0x5D}, "Apple"},
    {{0xCC, 0xD2, 0x81}, "Apple"},
    {{0xCC, 0xD9, 0xAC}, "Intel"},
    {{0xCC, 0xDA, 0xB5}, "Texas Instruments"},
    {{0xCC, 0xDB, 0xA7}, "Espressif"},
    {{0xCC, 0xE6, 0x86}, "Samsung"},
    {{0xCC, 0xE9, 0xFA}, "Samsung"},
    {{0xCC, 0xEB, 0x5E}, "Xiaomi"},
    {{0xCC, 0xF4, 0x11}, "Google"},
    {{0xCC, 0xF7, 0x35}, "Amazon"},
    {{0xCC, 0xF8, 0x26}, "Samsung"},
    {{0xCC, 0xF9, 0xE4}, "Intel"},
    {{0xCC, 0xF9, 0xE8}, "Samsung"},
    {{0xCC, 0xF9, 0xF0}, "Samsung"},
    {{0xCC, 0xFA, 0x00}, "LG"},
    {{0xCC, 0xFE, 0x3C}, "Samsung"},
    {{0xD0, 0x03, 0x4B}, "Apple"},
    {{0xD0, 0x03, 0xDF}, "Samsung"},
    {{0xD0, 0x03, 0xEB}, "Texas Instruments"},
    {{0xD0, 0x04, 0x01}, "Motorola"},
    {{0xD0, 0x04, 0xB0}, "Samsung"},
    {{0xD0, 0x07, 0x90}, "Texas Instruments"},
    {{0xD0, 0x0B, 0x27}, "Murata"},
    {{0xD0, 0x11, 0xE5}, "Apple"},
    {{0xD0, 0x13, 0xFD}, "LG"},
    {{0xD0, 0x17, 0x69}, "Murata"},
    {{0xD0, 0x17, 0x6A}, "Samsung"},
    {{0xD0, 0x17, 0xC2}, "ASUS"},
    {{0xD0, 0x1B, 0x49}, "Samsung"},
    {{0xD0, 0x22, 0xBE}, "Samsung"},
    {{0xD0, 0x23, 0xDB}, "Apple"},
    {{0xD0, 0x25, 0x44}, "Samsung"},
    {{0xD0, 0x25, 0x98}, "Apple"},
    {{0xD0, 0x27, 0x88}, "Foxconn"},
    {{0xD0, 0x2B, 0x20}, "Apple"},
    {{0xD0, 0x2E, 0xAB}, "Texas Instruments"},
    {{0xD0, 0x31, 0x69}, "Samsung"},
    {{0xD0, 0x33, 0x11}, "Apple"},
    {{0xD0, 0x37, 0x45}, "TP-Link"},
    {{0xD0, 0x37, 0x61}, "Texas Instruments"},
    {{0xD0, 0x39, 0x57}, "Liteon"},
    {{0xD0, 0x39, 0x72}, "Texas Instruments"},
    {{0xD0, 0x39, 0xFA}, "Samsung"},
    {{0xD0, 0x3C, 0x1F}, "Intel"},
    {{0xD0, 0x3E, 0x07}, "Apple"},
    {{0xD0, 0x3F, 0xAA}, "Apple"},
    {{0xD0, 0x40, 0xEF}, "Murata"},
    {{0xD0, 0x49, 0x7C}, "OnePlus"},
    {{0xD0, 0x4D, 0x86}, "Apple"},
    {{0xD0, 0x4F, 0x7E}, "Apple"},
    {{0xD0, 0x51, 0x62}, "Sony"},
    {{0xD0, 0x53, 0x49}, "Liteon"},
    {{0xD0, 0x56, 0xFB}, "Samsung"},
    {{0xD0, 0x57, 0x7B}, "Intel"},
    {{0xD0, 0x57, 0x7E}, "Intel"},
    {{0xD0, 0x58, 0xA5}, "Apple"},
    {{0xD0, 0x59, 0xE4}, "Samsung"},
    {{0xD0, 0x5F, 0xB8}, "Texas Instruments"},
    {{0xD0, 0x65, 0x44}, "Apple"},
    {{0xD0, 0x65, 0x78}, "Intel"},
    {{0xD0, 0x66, 0x7B}, "Samsung"},
    {{0xD0, 0x6B, 0x78}, "Apple"},
    {{0xD0, 0x76, 0xE7}, "TP-Link"},
    {{0xD0, 0x77, 0x14}, "Motorola"},
    {{0xD0, 0x7E, 0x35}, "Intel"},
    {{0xD0, 0x7F, 0xA0}, "Samsung"},
    {{0xD0, 0x81, 0x7A}, "Apple"},
    {{0xD0, 0x87, 0xE2}, "Samsung"},
    {{0xD0, 0x88, 0x0C}, "Apple"},
    {{0xD0, 0x8C, 0xB5}, "Texas Instruments"},
    {{0xD0, 0x92, 0x9E}, "Microsoft"},
    {{0xD0, 0x9C, 0x7A}, "Xiaomi"},
    {{0xD0, 0xA6, 0x37}, "Apple"},
    {{0xD0, 0xAB, 0xD5}, "Intel"},
    {{0xD0, 0xAE, 0x05}, "Xiaomi"},
    {{0xD0, 0xB1, 0x28}, "Samsung"},
    {{0xD0, 0xB3, 0x24}, "Apple"},
    {{0xD0, 0xB5, 0xC2}, "Texas Instruments"},
    {{0xD0, 0xC0, 0x50}, "Apple"},
    {{0xD0, 0xC1, 0xB1}, "Samsung"},
    {{0xD0, 0xC1, 0xBF}, "Xiaomi"},
    {{0xD0, 0xC2, 0x4E}, "Samsung"},
    {{0xD0, 0xC5, 0xD3}, "AzureWave"},
    {{0xD0, 0xC5, 0xF3}, "Apple"},
    {{0xD0, 0xC6, 0x37}, "Intel"},
    {{0xD0, 0xC7, 0xC0}, "TP-Link"},
    {{0xD0, 0xCD, 0xBF}, "LG"},
    {{0xD0, 0xCE, 0xC0}, "Xiaomi"},
    {{0xD0, 0xCF, 0x13}, "Espressif"},
    {{0xD0, 0xD0, 0x03}, "Samsung"},
    {{0xD0, 0xD2, 0x3C}, "Apple"},
    {{0xD0, 0xD2, 0xB0}, "Apple"},
    {{0xD0, 0xD4, 0x9F}, "Apple"},
    {{0xD0, 0xDA, 0xD7}, "Apple"},
    {{0xD0, 0xDF, 0x9A}, "Liteon"},
    {{0xD0, 0xDF, 0xC7}, "Samsung"},
    {{0xD0, 0xE1, 0x40}, "Apple"},
    {{0xD0, 0xE4, 0x4A}, "Murata"},
    {{0xD0, 0xE5, 0x81}, "Apple"},
    {{0xD0, 0xE7, 0x82}, "AzureWave"},
    {{0xD0, 0xEF, 0x76}, "Espressif"},
    {{0xD0, 0xF4, 0x05}, "Foxconn"},
    {{0xD0, 0xFC, 0xCC}, "Samsung"},
    {{0xD0, 0xFF, 0x50}, "Texas Instruments"},
    {{0xD4, 0x01, 0x6D}, "TP-Link"},
    {{0xD4, 0x05, 0x92}, "Espressif"},
    {{0xD4, 0x06, 0x0F}, "Texas Instruments"},
    {{0xD4, 0x0F, 0x9E}, "Apple"},
    {{0xD4, 0x11, 0xA3}, "Samsung"},
    {{0xD4, 0x12, 0x43}, "AmpAK"},
    {{0xD4, 0x17, 0x61}, "Xiaomi"},
    {{0xD4, 0x25, 0x8B}, "Intel"},
    {{0xD4, 0x2D, 0xCC}, "Apple"},
    {{0xD4, 0x2F, 0x4B}, "Foxconn"},
    {{0xD4, 0x2F, 0xCA}, "Apple"},
    {{0xD4, 0x36, 0x39}, "Texas Instruments"},
    {{0xD4, 0x38, 0x9C}, "Sony"},
    {{0xD4, 0x3A, 0x2C}, "Google"},
    {{0xD4, 0x3B, 0x04}, "Intel"},
    {{0xD4, 0x46, 0xE1}, "Apple"},
    {{0xD4, 0x4D, 0xA4}, "Murata"},
    {{0xD4, 0x53, 0x83}, "Murata"},
    {{0xD4, 0x54, 0x8B}, "Intel"},
    {{0xD4, 0x57, 0x63}, "Apple"},
    {{0xD4, 0x5B, 0x51}, "Motorola"},
    {{0xD4, 0x5D, 0x64}, "ASUS"},
    {{0xD4, 0x5E, 0x89}, "Motorola"},
    {{0xD4, 0x61, 0x9D}, "Apple"},
    {{0xD4, 0x61, 0xDA}, "Apple"},
    {{0xD4, 0x63, 0xC0}, "Apple"},
    {{0xD4, 0x63, 0xC6}, "Motorola"},
    {{0xD4, 0x68, 0xAA}, "Apple"},
    {{0xD4, 0x6A, 0x6A}, "Foxconn"},
    {{0xD4, 0x6D, 0x6D}, "Intel"},
    {{0xD4, 0x6E, 0x0E}, "TP-Link"},
    {{0xD4, 0x7A, 0xE2}, "Samsung"},
    {{0xD4, 0x87, 0xD8}, "Samsung"},
    {{0xD4, 0x88, 0x90}, "Samsung"},
    {{0xD4, 0x8A, 0x39}, "Samsung"},
    {{0xD4, 0x8A, 0xFC}, "Espressif"},
    {{0xD4, 0x8C, 0x49}, "Espressif"},
    {{0xD4, 0x8F, 0x33}, "Microsoft"},
    {{0xD4, 0x90, 0x9C}, "Apple"},
    {{0xD4, 0x91, 0x0F}, "Amazon"},
    {{0xD4, 0x94, 0xA1}, "Texas Instruments"},
    {{0xD4, 0x94, 0xA9}, "Intel"},
    {{0xD4, 0x97, 0x0B}, "Xiaomi"},
    {{0xD4, 0x9A, 0x20}, "Apple"},
    {{0xD4, 0x9A, 0xF6}, "AzureWave"},
    {{0xD4, 0x9C, 0xDD}, "AmpAK"},
    {{0xD4, 0x9D, 0xC0}, "Samsung"},
    {{0xD4, 0xA3, 0x3D}, "Apple"},
    {{0xD4, 0xA3, 0x65}, "Xiaomi"},
    {{0xD4, 0xAB, 0x61}, "Intel"},
    {{0xD4, 0xAE, 0x05}, "Samsung"},
    {{0xD4, 0xC9, 0x4B}, "Motorola"},
    {{0xD4, 0xCE, 0x40}, "Apple"},
    {{0xD4, 0xD2, 0x52}, "Intel"},
    {{0xD4, 0xD4, 0xDA}, "Espressif"},
    {{0xD4, 0xD6, 0xDF}, "TP-Link"},
    {{0xD4, 0xD8, 0x53}, "Intel"},
    {{0xD4, 0xDC, 0xCD}, "Apple"},
    {{0xD4, 0xE6, 0xB7}, "Samsung"},
    {{0xD4, 0xE8, 0xB2}, "Samsung"},
    {{0xD4, 0xE9, 0x5E}, "Texas Instruments"},
    {{0xD4, 0xE9, 0x8A}, "Intel"},
    {{0xD4, 0xE9, 0xF4}, "Espressif"},
    {{0xD4, 0xF3, 0x2D}, "Intel"},
    {{0xD4, 0xF4, 0x6F}, "Apple"},
    {{0xD4, 0xF5, 0x13}, "Texas Instruments"},
    {{0xD4, 0xF5, 0x47}, "Google"},
    {{0xD4, 0xF7, 0xD5}, "Sony"},
    {{0xD4, 0xF9, 0x8D}, "Espressif"},
    {{0xD4, 0xFB, 0x8E}, "Apple"},
    {{0xD4, 0xFF, 0x1A}, "Apple"},
    {{0xD8, 0x00, 0x4D}, "Apple"},
    {{0xD8, 0x07, 0xB6}, "TP-Link"},
    {{0xD8, 0x08, 0x31}, "Samsung"},
    {{0xD8, 0x0B, 0x9A}, "Samsung"},
    {{0xD8, 0x0D, 0x17}, "TP-Link"},
    {{0xD8, 0x0F, 0x99}, "Foxconn"},
    {{0xD8, 0x10, 0x68}, "Murata"},
    {{0xD8, 0x13, 0x2A}, "Espressif"},
    {{0xD8, 0x15, 0x0D}, "TP-Link"},
    {{0xD8, 0x1C, 0x79}, "Apple"},
    {{0xD8, 0x1D, 0x13}, "Texas Instruments"},
    {{0xD8, 0x1D, 0x72}, "Apple"},
    {{0xD8, 0x30, 0x62}, "Apple"},
    {{0xD8, 0x31, 0xCF}, "Samsung"},
    {{0xD8, 0x32, 0xE3}, "Xiaomi"},
    {{0xD8, 0x3A, 0xDD}, "Raspberry Pi"},
    {{0xD8, 0x3B, 0xBF}, "Intel"},
    {{0xD8, 0x3B, 0xDA}, "Espressif"},
    {{0xD8, 0x44, 0x89}, "TP-Link"},
    {{0xD8, 0x46, 0xCE}, "Apple"},
    {{0xD8, 0x47, 0x32}, "TP-Link"},
    {{0xD8, 0x4C, 0x90}, "Apple"},
    {{0xD8, 0x4F, 0xB8}, "LG"},
    {{0xD8, 0x50, 0xE6}, "ASUS"},
    {{0xD8, 0x52, 0xFA}, "Texas Instruments"},
    {{0xD8, 0x54, 0x3A}, "Texas Instruments"},
    {{0xD8, 0x55, 0x75}, "Samsung"},
    {{0xD8, 0x57, 0xEF}, "Samsung"},
    {{0xD8, 0x5B, 0x2A}, "Samsung"},
    {{0xD8, 0x5D, 0x4C}, "TP-Link"},
    {{0xD8, 0x5D, 0xE2}, "Foxconn"},
    {{0xD8, 0x63, 0x75}, "Xiaomi"},
    {{0xD8, 0x68, 0xA0}, "Samsung"},
    {{0xD8, 0x68, 0xC3}, "Samsung"},
    {{0xD8, 0x6C, 0x63}, "Google"},
    {{0xD8, 0x71, 0x4D}, "Texas Instruments"},
    {{0xD8, 0x71, 0x54}, "Samsung"},
    {{0xD8, 0x74, 0x75}, "Apple"},
    {{0xD8, 0x79, 0x88}, "Foxconn"},
    {{0xD8, 0x85, 0xAC}, "Espressif"},
    {{0xD8, 0x8C, 0x79}, "Google"},
    {{0xD8, 0x8F, 0x76}, "Apple"},
    {{0xD8, 0x90, 0xE8}, "Samsung"},
    {{0xD8, 0x93, 0xD4}, "Xiaomi"},
    {{0xD8, 0x95, 0x2F}, "Texas Instruments"},
    {{0xD8, 0x96, 0x95}, "Apple"},
    {{0xD8, 0x9C, 0x67}, "Foxconn"},
    {{0xD8, 0x9E, 0x3F}, "Apple"},
    {{0xD8, 0xA0, 0x1D}, "Espressif"},
    {{0xD8, 0xA2, 0x5E}, "Apple"},
    {{0xD8, 0xA3, 0x5C}, "Samsung"},
    {{0xD8, 0xA9, 0x8B}, "Texas Instruments"},
    {{0xD8, 0xB0, 0x53}, "Xiaomi"},
    {{0xD8, 0xB6, 0x73}, "Texas Instruments"},
    {{0xD8, 0xBB, 0x2C}, "Apple"},
    {{0xD8, 0xBC, 0x38}, "Espressif"},
    {{0xD8, 0xBE, 0x1F}, "Apple"},
    {{0xD8, 0xBE, 0x65}, "Amazon"},
    {{0xD8, 0xBF, 0x42}, "Intel"},
    {{0xD8, 0xBF, 0xC0}, "Espressif"},
    {{0xD8, 0xC0, 0xA6}, "AzureWave"},
    {{0xD8, 0xC4, 0x6A}, "Murata"},
    {{0xD8, 0xC4, 0xE9}, "Samsung"},
    {{0xD8, 0xCE, 0x3A}, "Xiaomi"},
    {{0xD8, 0xCF, 0x9C}, "Apple"},
    {{0xD8, 0xCF, 0xBF}, "Motorola"},
    {{0xD8, 0xD1, 0xCB}, "Apple"},
    {{0xD8, 0xD4, 0x3C}, "Sony"},
    {{0xD8, 0xDC, 0x40}, "Apple"},
    {{0xD8, 0xDD, 0xFD}, "Texas Instruments"},
    {{0xD8, 0xDE, 0x3A}, "Apple"},
    {{0xD8, 0xE0, 0xE1}, "Samsung"},
    {{0xD8, 0xE2, 0xDF}, "Microsoft"},
    {{0xD8, 0xE3, 0x74}, "Xiaomi"},
    {{0xD8, 0xE5, 0x93}, "Apple"},
    {{0xD8, 0xEB, 0x46}, "Google"},
    {{0xD8, 0xF1, 0x2E}, "TP-Link"},
    {{0xD8, 0xF1, 0x5B}, "Espressif"},
    {{0xD8, 0xF2, 0xCA}, "Intel"},
    {{0xD8, 0xF3, 0xBC}, "Liteon"},
    {{0xD8, 0xF8, 0x83}, "Intel"},
    {{0xD8, 0xFB, 0xD6}, "Amazon"},
    {{0xD8, 0xFC, 0x93}, "Intel"},
    {{0xDC, 0x00, 0x77}, "TP-Link"},
    {{0xDC, 0x06, 0x75}, "Espressif"},
    {{0xDC, 0x08, 0x0F}, "Apple"},
    {{0xDC, 0x0B, 0x34}, "LG"},
    {{0xDC, 0x0C, 0x5C}, "Apple"},
    {{0xDC, 0x10, 0x57}, "Apple"},
    {{0xDC, 0x1B, 0x48}, "Texas Instruments"},
    {{0xDC, 0x1B, 0xA1}, "Intel"},
    {{0xDC, 0x1E, 0xD5}, "Espressif"},
    {{0xDC, 0x21, 0x48}, "Intel"},
    {{0xDC, 0x21, 0x5C}, "Intel"},
    {{0xDC, 0x2B, 0x2A}, "Apple"},
    {{0xDC, 0x2B, 0x61}, "Apple"},
    {{0xDC, 0x37, 0x14}, "Apple"},
    {{0xDC, 0x41, 0x5F}, "Apple"},
    {{0xDC, 0x41, 0xA9}, "Intel"},
    {{0xDC, 0x44, 0xB6}, "Samsung"},
    {{0xDC, 0x45, 0x46}, "Intel"},
    {{0xDC, 0x45, 0xB8}, "Apple"},
    {{0xDC, 0x46, 0x28}, "Intel"},
    {{0xDC, 0x4F, 0x22}, "Espressif"},
    {{0xDC, 0x52, 0x85}, "Apple"},
    {{0xDC, 0x53, 0x60}, "Intel"},
    {{0xDC, 0x53, 0x92}, "Apple"},
    {{0xDC, 0x54, 0x75}, "Espressif"},
    {{0xDC, 0x54, 0xD7}, "Amazon"},
    {{0xDC, 0x56, 0xE7}, "Apple"},
    {{0xDC, 0x62, 0x79}, "TP-Link"},
    {{0xDC, 0x66, 0x72}, "Samsung"},
    {{0xDC, 0x69, 0xE2}, "Samsung"},
    {{0xDC, 0x6A, 0xE7}, "Xiaomi"},
    {{0xDC, 0x6D, 0xBC}, "Apple"},
    {{0xDC, 0x71, 0x44}, "Samsung"},
    {{0xDC, 0x71, 0x96}, "Intel"},
    {{0xDC, 0x71, 0xD0}, "Apple"},
    {{0xDC, 0x74, 0xA8}, "Samsung"},
    {{0xDC, 0x80, 0x84}, "Apple"},
    {{0xDC, 0x85, 0xDE}, "AzureWave"},
    {{0xDC, 0x86, 0xD8}, "Apple"},
    {{0xDC, 0x87, 0xF8}, "Samsung"},
    {{0xDC, 0x89, 0x83}, "Samsung"},
    {{0xDC, 0x8B, 0x28}, "Intel"},
    {{0xDC, 0x90, 0x09}, "Intel"},
    {{0xDC, 0x91, 0xBF}, "Amazon"},
    {{0xDC, 0x93, 0x96}, "Apple"},
    {{0xDC, 0x95, 0x66}, "Apple"},
    {{0xDC, 0x97, 0xBA}, "Intel"},
    {{0xDC, 0x98, 0x40}, "Microsoft"},
    {{0xDC, 0x9B, 0x9C}, "Apple"},
    {{0xDC, 0x9D, 0xED}, "Samsung"},
    {{0xDC, 0x9E, 0x8F}, "Apple"},
    {{0xDC, 0xA0, 0xD0}, "Amazon"},
    {{0xDC, 0xA2, 0x66}, "Foxconn"},
    {{0xDC, 0xA4, 0xCA}, "Apple"},
    {{0xDC, 0xA6, 0x32}, "Raspberry Pi"},
    {{0xDC, 0xA9, 0x04}, "Apple"},
    {{0xDC, 0xA9, 0x71}, "Intel"},
    {{0xDC, 0xB4, 0xC4}, "Microsoft"},
    {{0xDC, 0xB4, 0xD9}, "Espressif"},
    {{0xDC, 0xB5, 0x4F}, "Apple"},
    {{0xDC, 0xB7, 0x2E}, "Xiaomi"},
    {{0xDC, 0xBE, 0x04}, "Texas Instruments"},
    {{0xDC, 0xBF, 0xE9}, "Motorola"},
    {{0xDC, 0xC4, 0x9C}, "Samsung"},
    {{0xDC, 0xCC, 0xE6}, "Samsung"},
    {{0xDC, 0xCF, 0x96}, "Samsung"},
    {{0xDC, 0xD3, 0xA2}, "Apple"},
    {{0xDC, 0xDA, 0x0C}, "Espressif"},
    {{0xDC, 0xDC, 0xE2}, "Samsung"},
    {{0xDC, 0xDE, 0xE3}, "Texas Instruments"},
    {{0xDC, 0xE5, 0x5B}, "Google"},
    {{0xDC, 0xEF, 0xCA}, "Murata"},
    {{0xDC, 0xF3, 0x1C}, "Texas Instruments"},
    {{0xDC, 0xF4, 0xCA}, "Apple"},
    {{0xDC, 0xF5, 0x05}, "AzureWave"},
    {{0xDC, 0xF7, 0x56}, "Samsung"},
    {{0xDC, 0xFB, 0x48}, "Intel"},
    {{0xDC, 0xFE, 0x18}, "TP-Link"},
    {{0xDC, 0xFE, 0x23}, "Murata"},
    {{0xE0, 0x03, 0x6B}, "Samsung"},
    {{0xE0, 0x05, 0xC5}, "TP-Link"},
    {{0xE0, 0x06, 0xE6}, "Foxconn"},
    {{0xE0, 0x0A, 0xF6}, "Liteon"},
    {{0xE0, 0x1A, 0xDF}, "Google"},
    {{0xE0, 0x1F, 0x88}, "Xiaomi"},
    {{0xE0, 0x26, 0x11}, "Apple"},
    {{0xE0, 0x28, 0x0A}, "TP-Link"},
    {{0xE0, 0x2B, 0x96}, "Apple"},
    {{0xE0, 0x2B, 0xE9}, "Intel"},
    {{0xE0, 0x2E, 0x0B}, "Intel"},
    {{0xE0, 0x33, 0x8E}, "Apple"},
    {{0xE0, 0x3A, 0xAA}, "Intel"},
    {{0xE0, 0x3F, 0x49}, "ASUS"},
    {{0xE0, 0x5A, 0x1B}, "Espressif"},
    {{0xE0, 0x5F, 0x45}, "Apple"},
    {{0xE0, 0x62, 0x34}, "Texas Instruments"},
    {{0xE0, 0x62, 0x67}, "Xiaomi"},
    {{0xE0, 0x63, 0xE5}, "Sony"},
    {{0xE0, 0x66, 0x78}, "Apple"},
    {{0xE0, 0x6D, 0x17}, "Apple"},
    {{0xE0, 0x72, 0x56}, "Intel"},
    {{0xE0, 0x72, 0xA1}, "Espressif"},
    {{0xE0, 0x75, 0x7D}, "Motorola"},
    {{0xE0, 0x76, 0xD0}, "AmpAK"},
    {{0xE0, 0x7D, 0xEA}, "Texas Instruments"},
    {{0xE0, 0x80, 0x6B}, "Xiaomi"},
    {{0xE0, 0x89, 0x7E}, "Apple"},
    {{0xE0, 0x8C, 0xFE}, "Espressif"},
    {{0xE0, 0x8F, 0x4C}, "Intel"},
    {{0xE0, 0x92, 0x5C}, "Apple"},
    {{0xE0, 0x92, 0x8F}, "Texas Instruments"},
    {{0xE0, 0x94, 0x67}, "Intel"},
    {{0xE0, 0x98, 0x06}, "Espressif"},
    {{0xE0, 0x98, 0x61}, "Motorola"},
    {{0xE0, 0x99, 0x71}, "Samsung"},
    {{0xE0, 0x9D, 0x13}, "Samsung"},
    {{0xE0, 0x9D, 0x31}, "Intel"},
    {{0xE0, 0xA3, 0x66}, "Motorola"},
    {{0xE0, 0xAA, 0x96}, "Samsung"},
    {{0xE0, 0xAC, 0xCB}, "Apple"},
    {{0xE0, 0xB5, 0x2D}, "Apple"},
    {{0xE0, 0xB5, 0x5F}, "Apple"},
    {{0xE0, 0xB9, 0xA5}, "AzureWave"},
    {{0xE0, 0xB9, 0xBA}, "Apple"},
    {{0xE0, 0xBA, 0x78}, "Apple"},
    {{0xE0, 0xBD, 0xA0}, "Apple"},
    {{0xE0, 0xBE, 0x03}, "Liteon"},
    {{0xE0, 0xBF, 0xB2}, "Apple"},
    {{0xE0, 0xC2, 0x64}, "Intel"},
    {{0xE0, 0xC3, 0x77}, "Samsung"},
    {{0xE0, 0xC3, 0xEA}, "Apple"},
    {{0xE0, 0xC7, 0x67}, "Apple"},
    {{0xE0, 0xC7, 0x9D}, "Texas Instruments"},
    {{0xE0, 0xC9, 0x32}, "Intel"},
    {{0xE0, 0xC9, 0x7A}, "Apple"},
    {{0xE0, 0xCB, 0x1D}, "Amazon"},
    {{0xE0, 0xCB, 0x4E}, "ASUS"},
    {{0xE0, 0xCB, 0xEE}, "Samsung"},
    {{0xE0, 0xCC, 0xF8}, "Xiaomi"},
    {{0xE0, 0xD0, 0x45}, "Intel"},
    {{0xE0, 0xD0, 0x83}, "Samsung"},
    {{0xE0, 0xD3, 0x62}, "TP-Link"},
    {{0xE0, 0xD4, 0x64}, "Intel"},
    {{0xE0, 0xD4, 0xE8}, "Intel"},
    {{0xE0, 0xD5, 0x5D}, "Intel"},
    {{0xE0, 0xD7, 0xBA}, "Texas Instruments"},
    {{0xE0, 0xDB, 0x10}, "Samsung"},
    {{0xE0, 0xDC, 0xFF}, "Xiaomi"},
    {{0xE0, 0xDE, 0xF2}, "Texas Instruments"},
    {{0xE0, 0xE2, 0x58}, "Intel"},
    {{0xE0, 0xE2, 0xE6}, "Espressif"},
    {{0xE0, 0xE5, 0xCF}, "Texas Instruments"},
    {{0xE0, 0xEB, 0x40}, "Apple"},
    {{0xE0, 0xF5, 0xC6}, "Apple"},
    {{0xE0, 0xF7, 0x28}, "Amazon"},
    {{0xE0, 0xF8, 0x47}, "Apple"},
    {{0xE0, 0xFF, 0xF1}, "Texas Instruments"},
    {{0xE4, 0x02, 0x9B}, "Intel"},
    {{0xE4, 0x0D, 0x36}, "Intel"},
    {{0xE4, 0x10, 0x88}, "Samsung"},
    {{0xE4, 0x12, 0x1D}, "Samsung"},
    {{0xE4, 0x15, 0xF6}, "Texas Instruments"},
    {{0xE4, 0x1F, 0xD5}, "Intel"},
    {{0xE4, 0x25, 0xE7}, "Apple"},
    {{0xE4, 0x26, 0xD5}, "Motorola"},
    {{0xE4, 0x2A, 0xAC}, "Microsoft"},
    {{0xE4, 0x2B, 0x34}, "Apple"},
    {{0xE4, 0x2F, 0x37}, "Apple"},
    {{0xE4, 0x32, 0xCB}, "Samsung"},
    {{0xE4, 0x40, 0xE2}, "Samsung"},
    {{0xE4, 0x41, 0x22}, "OnePlus"},
    {{0xE4, 0x42, 0xA6}, "Intel"},
    {{0xE4, 0x43, 0x89}, "Apple"},
    {{0xE4, 0x46, 0xDA}, "Xiaomi"},
    {{0xE4, 0x4A, 0xE0}, "Intel"},
    {{0xE4, 0x50, 0xEB}, "Apple"},
    {{0xE4, 0x52, 0x1E}, "Texas Instruments"},
    {{0xE4, 0x53, 0x41}, "Apple"},
    {{0xE4, 0x58, 0xB8}, "Samsung"},
    {{0xE4, 0x58, 0xE7}, "Samsung"},
    {{0xE4, 0x5D, 0x39}, "Texas Instruments"},
    {{0xE4, 0x5D, 0x75}, "Samsung"},
    {{0xE4, 0x5E, 0x1B}, "Google"},
    {{0xE4, 0x5E, 0x37}, "Intel"},
    {{0xE4, 0x5F, 0x01}, "Raspberry Pi"},
    {{0xE4, 0x60, 0x17}, "Intel"},
    {{0xE4, 0x65, 0xB8}, "Espressif"},
    {{0xE4, 0x70, 0xB8}, "Intel"},
    {{0xE4, 0x76, 0x84}, "Apple"},
    {{0xE4, 0x7C, 0xF9}, "Samsung"},
    {{0xE4, 0x7D, 0xBD}, "Samsung"},
    {{0xE4, 0x84, 0xD3}, "Xiaomi"},
    {{0xE4, 0x8B, 0x7F}, "Apple"},
    {{0xE4, 0x90, 0x7E}, "Motorola"},
    {{0xE4, 0x90, 0xFD}, "Apple"},
    {{0xE4, 0x92, 0x82}, "Samsung"},
    {{0xE4, 0x92, 0xFB}, "Samsung"},
    {{0xE4, 0x98, 0xD1}, "Microsoft"},
    {{0xE4, 0x98, 0xD6}, "Apple"},
    {{0xE4, 0x9A, 0x79}, "Apple"},
    {{0xE4, 0x9A, 0xDC}, "Apple"},
    {{0xE4, 0x9C, 0x67}, "Apple"},
    {{0xE4, 0x9F, 0x7D}, "Samsung"},
    {{0xE4, 0xA4, 0x30}, "Samsung"},
    {{0xE4, 0xA4, 0x71}, "Intel"},
    {{0xE4, 0xA7, 0xA0}, "Intel"},
    {{0xE4, 0xAA, 0xE4}, "Xiaomi"},
    {{0xE4, 0xAA, 0xEA}, "Liteon"},
    {{0xE4, 0xB0, 0x21}, "Samsung"},
    {{0xE4, 0xB0, 0x63}, "Espressif"},
    {{0xE4, 0xB1, 0x6C}, "Apple"},
    {{0xE4, 0xB2, 0xFB}, "Apple"},
    {{0xE4, 0xB3, 0x18}, "Intel"},
    {{0xE4, 0xB3, 0x23}, "Espressif"},
    {{0xE4, 0xBC, 0xAA}, "Xiaomi"},
    {{0xE4, 0xC3, 0x2A}, "TP-Link"},
    {{0xE4, 0xC6, 0x3D}, "Apple"},
    {{0xE4, 0xC7, 0x67}, "Intel"},
    {{0xE4, 0xCA, 0x5F}, "Murata"},
    {{0xE4, 0xCE, 0x8F}, "Apple"},
    {{0xE4, 0xD3, 0x32}, "TP-Link"},
    {{0xE4, 0xD5, 0x3D}, "Foxconn"},
    {{0xE4, 0xE0, 0xA6}, "Apple"},
    {{0xE4, 0xE0, 0xC5}, "Samsung"},
    {{0xE4, 0xE1, 0x12}, "Texas Instruments"},
    {{0xE4, 0xE4, 0xAB}, "Apple"},
    {{0xE4, 0xEC, 0xE8}, "Samsung"},
    {{0xE4, 0xF0, 0x42}, "Google"},
    {{0xE4, 0xF3, 0xC4}, "Samsung"},
    {{0xE4, 0xF8, 0x9C}, "Intel"},
    {{0xE4, 0xF8, 0xEF}, "Samsung"},
    {{0xE4, 0xFA, 0x5B}, "Texas Instruments"},
    {{0xE4, 0xFA, 0xC4}, "TP-Link"},
    {{0xE4, 0xFA, 0xDE}, "Microsoft"},
    {{0xE4, 0xFA, 0xED}, "Samsung"},
    {{0xE4, 0xFA, 0xFD}, "Intel"},
    {{0xE4, 0xFB, 0x1E}, "Microsoft"},
    {{0xE4, 0xFD, 0x45}, "Intel"},
    {{0xE8, 0x03, 0x9A}, "Samsung"},
    {{0xE8, 0x04, 0x0B}, "Apple"},
    {{0xE8, 0x06, 0x88}, "Apple"},
    {{0xE8, 0x06, 0x90}, "Espressif"},
    {{0xE8, 0x11, 0x32}, "Samsung"},
    {{0xE8, 0x1C, 0xD8}, "Apple"},
    {{0xE8, 0x2A, 0x44}, "Liteon"},
    {{0xE8, 0x2A, 0xEA}, "Intel"},
    {{0xE8, 0x31, 0xCD}, "Espressif"},
    {{0xE8, 0x36, 0x17}, "Apple"},
    {{0xE8, 0x3A, 0x12}, "Samsung"},
    {{0xE8, 0x3D, 0xC1}, "Espressif"},
    {{0xE8, 0x47, 0x3A}, "Foxconn"},
    {{0xE8, 0x48, 0xB8}, "TP-Link"},
    {{0xE8, 0x4A, 0x78}, "Apple"},
    {{0xE8, 0x4C, 0x4A}, "Amazon"},
    {{0xE8, 0x4E, 0x84}, "Samsung"},
    {{0xE8, 0x4F, 0x25}, "Murata"},
    {{0xE8, 0x50, 0x8B}, "Samsung"},
    {{0xE8, 0x54, 0x97}, "Samsung"},
    {{0xE8, 0x5A, 0x8B}, "Xiaomi"},
    {{0xE8, 0x5B, 0x5B}, "LG"},
    {{0xE8, 0x5F, 0x02}, "Apple"},
    {{0xE8, 0x5F, 0xB4}, "Xiaomi"},
    {{0xE8, 0x61, 0x7E}, "Liteon"},
    {{0xE8, 0x62, 0xBE}, "Intel"},
    {{0xE8, 0x68, 0xE7}, "Espressif"},
    {{0xE8, 0x6B, 0xEA}, "Espressif"},
    {{0xE8, 0x6D, 0xCB}, "Samsung"},
    {{0xE8, 0x6E, 0x3A}, "Sony"},
    {{0xE8, 0x78, 0x65}, "Apple"},
    {{0xE8, 0x7E, 0xEF}, "Xiaomi"},
    {{0xE8, 0x7F, 0x6B}, "Samsung"},
    {{0xE8, 0x7F, 0x95}, "Apple"},
    {{0xE8, 0x80, 0x2E}, "Apple"},
    {{0xE8, 0x81, 0x52}, "Apple"},
    {{0xE8, 0x84, 0xA5}, "Intel"},
    {{0xE8, 0x85, 0x4B}, "Apple"},
    {{0xE8, 0x88, 0x43}, "Xiaomi"},
    {{0xE8, 0x8D, 0x28}, "Apple"},
    {{0xE8, 0x91, 0x20}, "Motorola"},
    {{0xE8, 0x92, 0xA4}, "LG"},
    {{0xE8, 0x93, 0x09}, "Samsung"},
    {{0xE8, 0x94, 0xF6}, "TP-Link"},
    {{0xE8, 0x98, 0x47}, "Xiaomi"},
    {{0xE8, 0x98, 0xEE}, "Apple"},
    {{0xE8, 0x9C, 0x25}, "ASUS"},
    {{0xE8, 0x9E, 0xB4}, "Foxconn"},
    {{0xE8, 0x9F, 0x6D}, "Espressif"},
    {{0xE8, 0xA7, 0x2F}, "Microsoft"},
    {{0xE8, 0xA7, 0x30}, "Apple"},
    {{0xE8, 0xAA, 0xCB}, "Samsung"},
    {{0xE8, 0xB0, 0xC5}, "Intel"},
    {{0xE8, 0xB1, 0xFC}, "Intel"},
    {{0xE8, 0xB2, 0xAC}, "Apple"},
    {{0xE8, 0xB4, 0xC8}, "Samsung"},
    {{0xE8, 0xBF, 0xB8}, "Intel"},
    {{0xE8, 0xBF, 0xE1}, "Intel"},
    {{0xE8, 0xC3, 0x86}, "Apple"},
    {{0xE8, 0xC7, 0x4F}, "Liteon"},
    {{0xE8, 0xC8, 0x29}, "Intel"},
    {{0xE8, 0xC9, 0x13}, "Samsung"},
    {{0xE8, 0xD0, 0xFC}, "Liteon"},
    {{0xE8, 0xD5, 0x2B}, "Google"},
    {{0xE8, 0xD8, 0x19}, "AzureWave"},
    {{0xE8, 0xD8, 0x7E}, "Amazon"},
    {{0xE8, 0xDB, 0x84}, "Espressif"},
    {{0xE8, 0xDE, 0x27}, "TP-Link"},
    {{0xE8, 0xE5, 0xD6}, "Samsung"},
    {{0xE8, 0xE8, 0xB7}, "Murata"},
    {{0xE8, 0xEB, 0x11}, "Texas Instruments"},
    {{0xE8, 0xF4, 0x08}, "Intel"},
    {{0xE8, 0xF6, 0x0A}, "Espressif"},
    {{0xE8, 0xF6, 0x73}, "Microsoft"},
    {{0xE8, 0xF7, 0x91}, "Xiaomi"},
    {{0xE8, 0xFB, 0x1C}, "AzureWave"},
    {{0xE8, 0xFB, 0xE9}, "Apple"},
    {{0xE8, 0xFF, 0xF4}, "Apple"},
    {{0xEC, 0x08, 0x6B}, "TP-Link"},
    {{0xEC, 0x08, 0xE5}, "Motorola"},
    {{0xEC, 0x09, 0xC9}, "Texas Instruments"},
    {{0xEC, 0x0D, 0x51}, "Apple"},
    {{0xEC, 0x0D, 0xE4}, "Amazon"},
    {{0xEC, 0x0E, 0xC4}, "Foxconn"},
    {{0xEC, 0x10, 0x7B}, "Samsung"},
    {{0xEC, 0x11, 0x27}, "Texas Instruments"},
    {{0xEC, 0x17, 0x2F}, "TP-Link"},
    {{0xEC, 0x1F, 0x72}, "Samsung"},
    {{0xEC, 0x24, 0xB8}, "Texas Instruments"},
    {{0xEC, 0x26, 0x51}, "Apple"},
    {{0xEC, 0x26, 0xCA}, "TP-Link"},
    {{0xEC, 0x28, 0xD3}, "Apple"},
    {{0xEC, 0x2B, 0xEB}, "Amazon"},
    {{0xEC, 0x2C, 0x0D}, "Apple"},
    {{0xEC, 0x2C, 0x73}, "Apple"},
    {{0xEC, 0x2C, 0xE2}, "Apple"},
    {{0xEC, 0x2E, 0x98}, "AzureWave"},
    {{0xEC, 0x30, 0xB3}, "Xiaomi"},
    {{0xEC, 0x31, 0x5F}, "Amazon"},
    {{0xEC, 0x35, 0x86}, "Apple"},
    {{0xEC, 0x3A, 0x56}, "AzureWave"},
    {{0xEC, 0x41, 0x18}, "Xiaomi"},
    {{0xEC, 0x42, 0xCC}, "Apple"},
    {{0xEC, 0x46, 0x54}, "Apple"},
    {{0xEC, 0x46, 0x84}, "Microsoft"},
    {{0xEC, 0x4C, 0x8C}, "Intel"},
    {{0xEC, 0x55, 0xF9}, "Foxconn"},
    {{0xEC, 0x59, 0xE7}, "Microsoft"},
    {{0xEC, 0x5C, 0x84}, "Murata"},
    {{0xEC, 0x60, 0x73}, "TP-Link"},
    {{0xEC, 0x62, 0x60}, "Espressif"},
    {{0xEC, 0x63, 0xD7}, "Intel"},
    {{0xEC, 0x64, 0xC9}, "Espressif"},
    {{0xEC, 0x73, 0x79}, "Apple"},
    {{0xEC, 0x74, 0x8C}, "Sony"},
    {{0xEC, 0x75, 0x0C}, "TP-Link"},
    {{0xEC, 0x7C, 0xB6}, "Samsung"},
    {{0xEC, 0x81, 0x50}, "Apple"},
    {{0xEC, 0x83, 0x50}, "Microsoft"},
    {{0xEC, 0x85, 0x2F}, "Apple"},
    {{0xEC, 0x88, 0x8F}, "TP-Link"},
    {{0xEC, 0x88, 0x92}, "Motorola"},
    {{0xEC, 0x8A, 0xC4}, "Amazon"},
    {{0xEC, 0x8E, 0x77}, "Intel"},
    {{0xEC, 0x90, 0xC1}, "Samsung"},
    {{0xEC, 0x94, 0xCB}, "Espressif"},
    {{0xEC, 0x97, 0xA2}, "Apple"},
    {{0xEC, 0x9A, 0x34}, "Texas Instruments"},
    {{0xEC, 0x9B, 0xF3}, "Samsung"},
    {{0xEC, 0xA1, 0x38}, "Amazon"},
    {{0xEC, 0xA9, 0x07}, "Apple"},
    {{0xEC, 0xAA, 0x25}, "Samsung"},
    {{0xEC, 0xAD, 0xB8}, "Apple"},
    {{0xEC, 0xB5, 0x50}, "Samsung"},
    {{0xEC, 0xB9, 0x31}, "TP-Link"},
    {{0xEC, 0xBF, 0xD0}, "Texas Instruments"},
    {{0xEC, 0xC9, 0xFF}, "Espressif"},
    {{0xEC, 0xCE, 0xD7}, "Apple"},
    {{0xEC, 0xD0, 0x9F}, "Xiaomi"},
    {{0xEC, 0xDA, 0x3B}, "Espressif"},
    {{0xEC, 0xDC, 0xAA}, "Apple"},
    {{0xEC, 0xE0, 0x9B}, "Samsung"},
    {{0xEC, 0xE3, 0x34}, "Espressif"},
    {{0xEC, 0xE7, 0xA7}, "Intel"},
    {{0xEC, 0xE9, 0xD2}, "Apple"},
    {{0xEC, 0xED, 0x04}, "Intel"},
    {{0xEC, 0xED, 0x73}, "Motorola"},
    {{0xEC, 0xF3, 0x3C}, "Intel"},
    {{0xEC, 0xFA, 0xBC}, "Espressif"},
    {{0xEC, 0xFF, 0x3A}, "Apple"},
    {{0xF0, 0x03, 0x8C}, "AzureWave"},
    {{0xF0, 0x04, 0xE1}, "Apple"},
    {{0xF0, 0x05, 0x1B}, "Samsung"},
    {{0xF0, 0x08, 0xD1}, "Espressif"},
    {{0xF0, 0x08, 0xF1}, "Samsung"},
    {{0xF0, 0x09, 0x0D}, "TP-Link"},
    {{0xF0, 0x10, 0xA5}, "Texas Instruments"},
    {{0xF0, 0x16, 0x1D}, "Espressif"},
    {{0xF0, 0x18, 0x98}, "Apple"},
    {{0xF0, 0x1C, 0x13}, "LG"},
    {{0xF0, 0x1D, 0xBC}, "Microsoft"},
    {{0xF0, 0x1F, 0xC7}, "Apple"},
    {{0xF0, 0x20, 0xFF}, "Intel"},
    {{0xF0, 0x23, 0xAE}, "AmpAK"},
    {{0xF0, 0x24, 0x75}, "Apple"},
    {{0xF0, 0x24, 0xF9}, "Espressif"},
    {{0xF0, 0x25, 0xB7}, "Samsung"},
    {{0xF0, 0x27, 0x2D}, "Amazon"},
    {{0xF0, 0x27, 0x65}, "Murata"},
    {{0xF0, 0x27, 0xA0}, "Apple"},
    {{0xF0, 0x2F, 0x4B}, "Apple"},
    {{0xF0, 0x2F, 0x74}, "ASUS"},
    {{0xF0, 0x2F, 0x9E}, "Amazon"},
    {{0xF0, 0x2F, 0xBA}, "Apple"},
    {{0xF0, 0x39, 0x65}, "Samsung"},
    {{0xF0, 0x3E, 0x05}, "Murata"},
    {{0xF0, 0x42, 0x1C}, "Intel"},
    {{0xF0, 0x45, 0xDA}, "Texas Instruments"},
    {{0xF0, 0x4F, 0x7C}, "Amazon"},
    {{0xF0, 0x57, 0xA6}, "Intel"},
    {{0xF0, 0x5A, 0x09}, "Samsung"},
    {{0xF0, 0x5B, 0x7B}, "Samsung"},
    {{0xF0, 0x5C, 0x77}, "Google"},
    {{0xF0, 0x5C, 0xD5}, "Apple"},
    {{0xF0, 0x5E, 0xCD}, "Texas Instruments"},
    {{0xF0, 0x65, 0xAE}, "Samsung"},
    {{0xF0, 0x67, 0xB1}, "Samsung"},
    {{0xF0, 0x68, 0xE3}, "AzureWave"},
    {{0xF0, 0x6B, 0xCA}, "Samsung"},
    {{0xF0, 0x6C, 0x5D}, "Xiaomi"},
    {{0xF0, 0x6E, 0x0B}, "Microsoft"},
    {{0xF0, 0x70, 0x4F}, "Samsung"},
    {{0xF0, 0x72, 0x8C}, "Samsung"},
    {{0xF0, 0x72, 0xEA}, "Google"},
    {{0xF0, 0x76, 0x6F}, "Apple"},
    {{0xF0, 0x77, 0xC3}, "Intel"},
    {{0xF0, 0x78, 0x07}, "Apple"},
    {{0xF0, 0x79, 0x59}, "ASUS"},
    {{0xF0, 0x79, 0x60}, "Apple"},
    {{0xF0, 0x7B, 0xCB}, "Foxconn"},
    {{0xF0, 0x81, 0x73}, "Amazon"},
    {{0xF0, 0x8A, 0x76}, "Samsung"},
    {{0xF0, 0x98, 0x9D}, "Apple"},
    {{0xF0, 0x99, 0xB6}, "Apple"},
    {{0xF0, 0x99, 0xBF}, "Apple"},
    {{0xF0, 0x9E, 0x4A}, "Intel"},
    {{0xF0, 0x9E, 0x9E}, "Espressif"},
    {{0xF0, 0xA2, 0x25}, "Amazon"},
    {{0xF0, 0xA3, 0x5A}, "Apple"},
    {{0xF0, 0xA7, 0x31}, "TP-Link"},
    {{0xF0, 0xB0, 0xE7}, "Apple"},
    {{0xF0, 0xB1, 0x63}, "Texas Instruments"},
    {{0xF0, 0xB2, 0xB9}, "Intel"},
    {{0xF0, 0xB3, 0xEC}, "Apple"},
    {{0xF0, 0xB4, 0x29}, "Xiaomi"},
    {{0xF0, 0xB4, 0x79}, "Apple"},
    {{0xF0, 0xB5, 0xD1}, "Texas Instruments"},
    {{0xF0, 0xB6, 0x1E}, "Intel"},
    {{0xF0, 0xBF, 0x97}, "Sony"},
    {{0xF0, 0xC1, 0xF1}, "Apple"},
    {{0xF0, 0xC3, 0x71}, "Apple"},
    {{0xF0, 0xC7, 0x25}, "Apple"},
    {{0xF0, 0xC7, 0x7F}, "Texas Instruments"},
    {{0xF0, 0xCB, 0xA1}, "Apple"},
    {{0xF0, 0xCD, 0x31}, "Samsung"},
    {{0xF0, 0xD1, 0xA9}, "Apple"},
    {{0xF0, 0xD2, 0xF1}, "Amazon"},
    {{0xF0, 0xD3, 0x1F}, "Apple"},
    {{0xF0, 0xD4, 0x15}, "Intel"},
    {{0xF0, 0xD5, 0xBF}, "Intel"},
    {{0xF0, 0xD6, 0x35}, "Apple"},
    {{0xF0, 0xD7, 0x93}, "Apple"},
    {{0xF0, 0xD7, 0xAA}, "Motorola"},
    {{0xF0, 0xDB, 0xE2}, "Apple"},
    {{0xF0, 0xDB, 0xF8}, "Apple"},
    {{0xF0, 0xDC, 0xE2}, "Apple"},
    {{0xF0, 0xE7, 0x7E}, "Samsung"},
    {{0xF0, 0xEE, 0x10}, "Samsung"},
    {{0xF0, 0xEE, 0x7A}, "Apple"},
    {{0xF0, 0xEF, 0x86}, "Google"},
    {{0xF0, 0xF0, 0x02}, "Foxconn"},
    {{0xF0, 0xF0, 0xA4}, "Amazon"},
    {{0xF0, 0xF3, 0x36}, "TP-Link"},
    {{0xF0, 0xF5, 0x64}, "Samsung"},
    {{0xF0, 0xF5, 0xBD}, "Espressif"},
    {{0xF0, 0xF6, 0x1C}, "Apple"},
    {{0xF0, 0xF8, 0xF2}, "Texas Instruments"},
    {{0xF4, 0x00, 0xA2}, "Samsung"},
    {{0xF4, 0x02, 0x28}, "Samsung"},
    {{0xF4, 0x03, 0x04}, "Google"},
    {{0xF4, 0x03, 0x2A}, "Amazon"},
    {{0xF4, 0x06, 0x16}, "Apple"},
    {{0xF4, 0x06, 0x3C}, "Texas Instruments"},
    {{0xF4, 0x06, 0x69}, "Intel"},
    {{0xF4, 0x09, 0xD8}, "Samsung"},
    {{0xF4, 0x0E, 0x01}, "Apple"},
    {{0xF4, 0x0E, 0x22}, "Samsung"},
    {{0xF4, 0x0F, 0x24}, "Apple"},
    {{0xF4, 0x12, 0xFA}, "Espressif"},
    {{0xF4, 0x1A, 0x9C}, "Xiaomi"},
    {{0xF4, 0x1B, 0xA1}, "Apple"},
    {{0xF4, 0x21, 0xCA}, "Apple"},
    {{0xF4, 0x26, 0x79}, "Intel"},
    {{0xF4, 0x2A, 0x7D}, "TP-Link"},
    {{0xF4, 0x2B, 0x8C}, "Samsung"},
    {{0xF4, 0x2D, 0xC9}, "Espressif"},
    {{0xF4, 0x30, 0x8B}, "Xiaomi"},
    {{0xF4, 0x31, 0xC3}, "Apple"},
    {{0xF4, 0x33, 0xB7}, "Apple"},
    {{0xF4, 0x34, 0xF0}, "Apple"},
    {{0xF4, 0x37, 0xB7}, "Apple"},
    {{0xF4, 0x39, 0xA6}, "Apple"},
    {{0xF4, 0x3B, 0xD8}, "Intel"},
    {{0xF4, 0x42, 0x8F}, "Samsung"},
    {{0xF4, 0x46, 0x37}, "Intel"},
    {{0xF4, 0x4E, 0xE3}, "Intel"},
    {{0xF4, 0x52, 0x93}, "Apple"},
    {{0xF4, 0x5C, 0x89}, "Apple"},
    {{0xF4, 0x5E, 0xAB}, "Texas Instruments"},
    {{0xF4, 0x60, 0x77}, "Texas Instruments"},
    {{0xF4, 0x60, 0xE2}, "Xiaomi"},
    {{0xF4, 0x64, 0x12}, "Sony"},
    {{0xF4, 0x65, 0x0B}, "Espressif"},
    {{0xF4, 0x65, 0xA6}, "Apple"},
    {{0xF4, 0x6A, 0xD7}, "Microsoft"},
    {{0xF4, 0x6A, 0xDD}, "Liteon"},
    {{0xF4, 0x6B, 0x8C}, "Foxconn"},
    {{0xF4, 0x6D, 0x04}, "ASUS"},
    {{0xF4, 0x6D, 0x2F}, "TP-Link"},
    {{0xF4, 0x6D, 0x3F}, "Intel"},
    {{0xF4, 0x71, 0x90}, "Samsung"},
    {{0xF4, 0x78, 0xAC}, "Apple"},
    {{0xF4, 0x7B, 0x09}, "Intel"},
    {{0xF4, 0x7B, 0x5E}, "Samsung"},
    {{0xF4, 0x7D, 0xEF}, "Samsung"},
    {{0xF4, 0x81, 0xC4}, "Apple"},
    {{0xF4, 0x83, 0xCD}, "TP-Link"},
    {{0xF4, 0x84, 0x4C}, "Texas Instruments"},
    {{0xF4, 0x84, 0x8D}, "TP-Link"},
    {{0xF4, 0x8B, 0x32}, "Xiaomi"},
    {{0xF4, 0x8C, 0x50}, "Intel"},
    {{0xF4, 0x93, 0x9F}, "Foxconn"},
    {{0xF4, 0x96, 0x34}, "Intel"},
    {{0xF4, 0x9F, 0x54}, "Samsung"},
    {{0xF4, 0xA1, 0xA6}, "Apple"},
    {{0xF4, 0xA3, 0x10}, "Apple"},
    {{0xF4, 0xA4, 0x75}, "Intel"},
    {{0xF4, 0xAF, 0xE7}, "Apple"},
    {{0xF4, 0xB3, 0x01}, "Intel"},
    {{0xF4, 0xB5, 0x99}, "Apple"},
    {{0xF4, 0xB7, 0xE2}, "Foxconn"},
    {{0xF4, 0xB8, 0x5E}, "Texas Instruments"},
    {{0xF4, 0xB8, 0x98}, "Texas Instruments"},
    {{0xF4, 0xBE, 0xEC}, "Apple"},
    {{0xF4, 0xC2, 0x48}, "Samsung"},
    {{0xF4, 0xC8, 0x8A}, "Intel"},
    {{0xF4, 0xCB, 0xE7}, "Apple"},
    {{0xF4, 0xCE, 0x23}, "Intel"},
    {{0xF4, 0xCF, 0xA2}, "Espressif"},
    {{0xF4, 0xD1, 0x08}, "Intel"},
    {{0xF4, 0xD4, 0x88}, "Apple"},
    {{0xF4, 0xD9, 0xFB}, "Samsung"},
    {{0xF4, 0xDB, 0xE3}, "Apple"},
    {{0xF4, 0xDD, 0x06}, "Samsung"},
    {{0xF4, 0xE1, 0x1E}, "Texas Instruments"},
    {{0xF4, 0xE8, 0xC7}, "Apple"},
    {{0xF4, 0xEC, 0x38}, "TP-Link"},
    {{0xF4, 0xF1, 0x5A}, "Apple"},
    {{0xF4, 0xF1, 0xE1}, "Motorola"},
    {{0xF4, 0xF2, 0x6D}, "TP-Link"},
    {{0xF4, 0xF3, 0x09}, "Samsung"},
    {{0xF4, 0xF5, 0x0B}, "TP-Link"},
    {{0xF4, 0xF5, 0x24}, "Motorola"},
    {{0xF4, 0xF5, 0xD8}, "Google"},
    {{0xF4, 0xF5, 0xDB}, "Xiaomi"},
    {{0xF4, 0xF5, 0xE8}, "Google"},
    {{0xF4, 0xF9, 0x51}, "Apple"},
    {{0xF4, 0xFC, 0x32}, "Texas Instruments"},
    {{0xF4, 0xFE, 0x3E}, "Apple"},
    {{0xF4, 0xFE, 0xFB}, "Samsung"},
    {{0xF8, 0x01, 0xB4}, "LG"},
    {{0xF8, 0x03, 0x77}, "Apple"},
    {{0xF8, 0x04, 0x2E}, "Samsung"},
    {{0xF8, 0x0C, 0xF3}, "LG"},
    {{0xF8, 0x0D, 0x43}, "Foxconn"},
    {{0xF8, 0x0F, 0xF9}, "Google"},
    {{0xF8, 0x10, 0x93}, "Apple"},
    {{0xF8, 0x16, 0x54}, "Intel"},
    {{0xF8, 0x1A, 0x2B}, "Google"},
    {{0xF8, 0x1A, 0x67}, "TP-Link"},
    {{0xF8, 0x1E, 0x49}, "Apple"},
    {{0xF8, 0x1E, 0xDF}, "Apple"},
    {{0xF8, 0x1F, 0x32}, "Motorola"},
    {{0xF8, 0x27, 0x93}, "Apple"},
    {{0xF8, 0x28, 0x19}, "Liteon"},
    {{0xF8, 0x2A, 0xE2}, "Apple"},
    {{0xF8, 0x2D, 0x7C}, "Apple"},
    {{0xF8, 0x2E, 0x0C}, "Texas Instruments"},
    {{0xF8, 0x2F, 0xA8}, "Foxconn"},
    {{0xF8, 0x30, 0x02}, "Texas Instruments"},
    {{0xF8, 0x32, 0xE4}, "ASUS"},
    {{0xF8, 0x33, 0x31}, "Texas Instruments"},
    {{0xF8, 0x34, 0x41}, "Intel"},
    {{0xF8, 0x36, 0x9B}, "Texas Instruments"},
    {{0xF8, 0x38, 0x69}, "LG"},
    {{0xF8, 0x38, 0x80}, "Apple"},
    {{0xF8, 0x3D, 0xC6}, "AzureWave"},
    {{0xF8, 0x3F, 0x51}, "Samsung"},
    {{0xF8, 0x42, 0x88}, "Apple"},
    {{0xF8, 0x43, 0xEF}, "Xiaomi"},
    {{0xF8, 0x46, 0x1C}, "Sony"},
    {{0xF8, 0x4D, 0x89}, "Apple"},
    {{0xF8, 0x4E, 0x17}, "Sony"},
    {{0xF8, 0x4E, 0x58}, "Samsung"},
    {{0xF8, 0x4E, 0x73}, "Apple"},
    {{0xF8, 0x54, 0xB8}, "Amazon"},
    {{0xF8, 0x54, 0xF6}, "AzureWave"},
    {{0xF8, 0x55, 0x48}, "Texas Instruments"},
    {{0xF8, 0x59, 0x71}, "Intel"},
    {{0xF8, 0x5B, 0x1B}, "Espressif"},
    {{0xF8, 0x5B, 0x6E}, "Samsung"},
    {{0xF8, 0x5E, 0xA0}, "Intel"},
    {{0xF8, 0x62, 0x14}, "Apple"},
    {{0xF8, 0x63, 0x3F}, "Intel"},
    {{0xF8, 0x66, 0x5A}, "Apple"},
    {{0xF8, 0x66, 0xD1}, "Foxconn"},
    {{0xF8, 0x6F, 0xB0}, "TP-Link"},
    {{0xF8, 0x6F, 0xC1}, "Apple"},
    {{0xF8, 0x71, 0x0C}, "Xiaomi"},
    {{0xF8, 0x71, 0xA6}, "Apple"},
    {{0xF8, 0x73, 0xDF}, "Apple"},
    {{0xF8, 0x77, 0xB8}, "Samsung"},
    {{0xF8, 0x7D, 0x76}, "Apple"},
    {{0xF8, 0x84, 0xF2}, "Samsung"},
    {{0xF8, 0x87, 0xF1}, "Apple"},
    {{0xF8, 0x8A, 0x5E}, "Texas Instruments"},
    {{0xF8, 0x8C, 0x21}, "TP-Link"},
    {{0xF8, 0x8F, 0x07}, "Samsung"},
    {{0xF8, 0x8F, 0xCA}, "Google"},
    {{0xF8, 0x91, 0x6F}, "Texas Instruments"},
    {{0xF8, 0x94, 0xC2}, "Intel"},
    {{0xF8, 0x95, 0xC7}, "LG"},
    {{0xF8, 0x95, 0xEA}, "Apple"},
    {{0xF8, 0x9E, 0x94}, "Intel"},
    {{0xF8, 0xA2, 0xD6}, "Liteon"},
    {{0xF8, 0xA4, 0x5F}, "Xiaomi"},
    {{0xF8, 0xA9, 0xD0}, "LG"},
    {{0xF8, 0xAB, 0x82}, "Xiaomi"},
    {{0xF8, 0xAC, 0x65}, "Intel"},
    {{0xF8, 0xB1, 0xDD}, "Apple"},
    {{0xF8, 0xB3, 0xB7}, "Espressif"},
    {{0xF8, 0xB5, 0x4D}, "Intel"},
    {{0xF8, 0xC3, 0xCC}, "Apple"},
    {{0xF8, 0xC9, 0x03}, "TP-Link"},
    {{0xF8, 0xCB, 0x15}, "Apple"},
    {{0xF8, 0xCE, 0x21}, "TP-Link"},
    {{0xF8, 0xCF, 0x52}, "Intel"},
    {{0xF8, 0xCF, 0xC5}, "Motorola"},
    {{0xF8, 0xD0, 0xAC}, "Sony"},
    {{0xF8, 0xD0, 0xBD}, "Samsung"},
    {{0xF8, 0xD1, 0x11}, "TP-Link"},
    {{0xF8, 0xD3, 0xF0}, "Apple"},
    {{0xF8, 0xDA, 0x0C}, "Foxconn"},
    {{0xF8, 0xE0, 0x79}, "Motorola"},
    {{0xF8, 0xE2, 0x52}, "Apple"},
    {{0xF8, 0xE4, 0xE3}, "Intel"},
    {{0xF8, 0xE5, 0xCE}, "Apple"},
    {{0xF8, 0xE6, 0x1A}, "Samsung"},
    {{0xF8, 0xE9, 0x4E}, "Apple"},
    {{0xF8, 0xEF, 0x5D}, "Motorola"},
    {{0xF8, 0xF1, 0xB6}, "Motorola"},
    {{0xF8, 0xF1, 0xE6}, "Samsung"},
    {{0xF8, 0xF2, 0x1E}, "Intel"},
    {{0xF8, 0xF5, 0x8C}, "Apple"},
    {{0xF8, 0xFB, 0x90}, "Texas Instruments"},
    {{0xF8, 0xFC, 0xE1}, "Amazon"},
    {{0xF8, 0xFE, 0x5E}, "Intel"},
    {{0xF8, 0xFF, 0xC2}, "Apple"},
    {{0xFC, 0x00, 0x12}, "Samsung"},
    {{0xFC, 0x01, 0x2C}, "Espressif"},
    {{0xFC, 0x01, 0x7C}, "Foxconn"},
    {{0xFC, 0x02, 0x96}, "Xiaomi"},
    {{0xFC, 0x03, 0x9F}, "Samsung"},
    {{0xFC, 0x0F, 0x4B}, "Texas Instruments"},
    {{0xFC, 0x0F, 0xE6}, "Sony"},
    {{0xFC, 0x18, 0x3C}, "Apple"},
    {{0xFC, 0x19, 0x10}, "Samsung"},
    {{0xFC, 0x19, 0x99}, "Xiaomi"},
    {{0xFC, 0x1A, 0x46}, "Samsung"},
    {{0xFC, 0x1D, 0x43}, "Apple"},
    {{0xFC, 0x1F, 0x19}, "Samsung"},
    {{0xFC, 0x25, 0x3F}, "Apple"},
    {{0xFC, 0x2A, 0x9C}, "Apple"},
    {{0xFC, 0x31, 0x5D}, "Apple"},
    {{0xFC, 0x34, 0x97}, "ASUS"},
    {{0xFC, 0x41, 0x16}, "Google"},
    {{0xFC, 0x42, 0x03}, "Samsung"},
    {{0xFC, 0x43, 0x45}, "Xiaomi"},
    {{0xFC, 0x44, 0x82}, "Intel"},
    {{0xFC, 0x45, 0xC3}, "Texas Instruments"},
    {{0xFC, 0x47, 0xD8}, "Apple"},
    {{0xFC, 0x49, 0x2D}, "Amazon"},
    {{0xFC, 0x4E, 0xA4}, "Apple"},
    {{0xFC, 0x55, 0x57}, "Apple"},
    {{0xFC, 0x5B, 0x8C}, "Xiaomi"},
    {{0xFC, 0x64, 0x3A}, "Samsung"},
    {{0xFC, 0x64, 0xBA}, "Xiaomi"},
    {{0xFC, 0x65, 0xDE}, "Amazon"},
    {{0xFC, 0x66, 0xCF}, "Apple"},
    {{0xFC, 0x69, 0x47}, "Texas Instruments"},
    {{0xFC, 0x6D, 0x77}, "Intel"},
    {{0xFC, 0x6E, 0x83}, "Samsung"},
    {{0xFC, 0x77, 0x74}, "Intel"},
    {{0xFC, 0x84, 0xA7}, "Murata"},
    {{0xFC, 0x88, 0x27}, "Apple"},
    {{0xFC, 0x8C, 0x11}, "Microsoft"},
    {{0xFC, 0x8F, 0x90}, "Samsung"},
    {{0xFC, 0x91, 0x5D}, "Google"},
    {{0xFC, 0x93, 0x4E}, "Realtek"},
    {{0xFC, 0x93, 0x6B}, "Samsung"},
    {{0xFC, 0x9C, 0xA7}, "Apple"},
    {{0xFC, 0x9E, 0x53}, "Intel"},
    {{0xFC, 0xA1, 0x3E}, "Samsung"},
    {{0xFC, 0xA1, 0x83}, "Amazon"},
    {{0xFC, 0xA5, 0xC8}, "Apple"},
    {{0xFC, 0xA6, 0x21}, "Samsung"},
    {{0xFC, 0xA6, 0x67}, "Amazon"},
    {{0xFC, 0xA8, 0x9B}, "Texas Instruments"},
    {{0xFC, 0xA9, 0xF5}, "Xiaomi"},
    {{0xFC, 0xAA, 0x81}, "Apple"},
    {{0xFC, 0xAA, 0xB6}, "Samsung"},
    {{0xFC, 0xB2, 0x14}, "Apple"},
    {{0xFC, 0xB3, 0xAA}, "Intel"},
    {{0xFC, 0xB3, 0xBC}, "Intel"},
    {{0xFC, 0xB4, 0x67}, "Espressif"},
    {{0xFC, 0xB6, 0xD8}, "Apple"},
    {{0xFC, 0xB9, 0xDF}, "Motorola"},
    {{0xFC, 0xC2, 0x33}, "ASUS"},
    {{0xFC, 0xC2, 0xDE}, "Murata"},
    {{0xFC, 0xC7, 0x34}, "Samsung"},
    {{0xFC, 0xD4, 0x36}, "Motorola"},
    {{0xFC, 0xD7, 0x33}, "TP-Link"},
    {{0xFC, 0xD7, 0x49}, "Amazon"},
    {{0xFC, 0xD8, 0x48}, "Apple"},
    {{0xFC, 0xD9, 0x08}, "Xiaomi"},
    {{0xFC, 0xDB, 0xB3}, "Murata"},
    {{0xFC, 0xDE, 0x90}, "Samsung"},
    {{0xFC, 0xDE, 0xC5}, "Texas Instruments"},
    {{0xFC, 0xE2, 0x6C}, "Apple"},
    {{0xFC, 0xE8, 0xC0}, "Espressif"},
    {{0xFC, 0xE9, 0x98}, "Apple"},
    {{0xFC, 0xE9, 0xD8}, "Amazon"},
    {{0xFC, 0xF1, 0x36}, "Samsung"},
    {{0xFC, 0xF1, 0x52}, "Sony"},
    {{0xFC, 0xF5, 0xC4}, "Espressif"},
    {{0xFC, 0xF8, 0xAE}, "Intel"},
    {{0xFC, 0xFC, 0x48}, "Apple"},
};
